country_code,country_name,field_label,option_index,option_value,option_display_label,option_latin_name,postal_code_pattern
AD,Andorra,State / Province / Region,1,Parròquia d'Andorra la Vella,Andorra la Vella,,AD50[01]
AD,Andorra,State / Province / Region,2,Canillo,Canillo,,AD10[01]
AD,Andorra,State / Province / Region,3,Encamp,Encamp,,AD20[01]
AD,Andorra,State / Province / Region,4,Escaldes-Engordany,Escaldes-Engordany,,AD70[01]
AD,Andorra,State / Province / Region,5,La Massana,La Massana,,AD40[01]
AD,Andorra,State / Province / Region,6,Ordino,Ordino,,AD30[01]
AD,Andorra,State / Province / Region,7,Sant Julià de Lòria,Sant Julià de Lòria,,AD60[01]
AE,United Arab Emirates,Emirate,1,أبو ظبي,أبو ظبي — Abu Dhabi,Abu Dhabi,
AE,United Arab Emirates,Emirate,2,إمارة الشارقةّ,الشارقة — Sharjah,Sharjah,
AE,United Arab Emirates,Emirate,3,الفجيرة,الفجيرة — Fujairah,Fujairah,
AE,United Arab Emirates,Emirate,4,ام القيوين,ام القيوين — Umm Al Quwain,Umm Al Quwain,
AE,United Arab Emirates,Emirate,5,إمارة دبيّ,دبي — Dubai,Dubai,
AE,United Arab Emirates,Emirate,6,إمارة رأس الخيمة,رأس الخيمة — Ras al Khaimah,Ras al Khaimah,
AE,United Arab Emirates,Emirate,7,عجمان,عجمان — Ajman,Ajman,
AM,Armenia,State / Province / Region,1,Արագածոտն,Արագածոտն — Aragatsotn,Aragatsotn,0[2-5]
AM,Armenia,State / Province / Region,2,Արարատ,Արարատ — Ararat,Ararat,0[6-8]
AM,Armenia,State / Province / Region,3,Արմավիր,Արմավիր — Armavir,Armavir,09|1[01]
AM,Armenia,State / Province / Region,4,Գեղարքունիք,Գեղարքունիք — Gegharkunik,Gegharkunik,1[2-6]
AM,Armenia,State / Province / Region,5,Երևան,Երևան — Yerevan,Yerevan,00
AM,Armenia,State / Province / Region,6,Լոռի,Լոռի — Lori,Lori,1[7-9]|2[01]
AM,Armenia,State / Province / Region,7,Կոտայք,Կոտայք — Kotayk,Kotayk,2[2-5]
AM,Armenia,State / Province / Region,8,Շիրակ,Շիրակ — Shirak,Shirak,2[6-9]|3[01]
AM,Armenia,State / Province / Region,9,Սյունիք,Սյունիք — Syunik,Syunik,3[2-5]
AM,Armenia,State / Province / Region,10,Վայոց ձոր,Վայոց ձոր — Vayots Dzor,Vayots Dzor,3[6-8]
AM,Armenia,State / Province / Region,11,Տավուշ,Տավուշ — Tavush,Tavush,39|4[0-2]
AR,Argentina,State / Province / Region,1,Buenos Aires,Buenos Aires,,B?[1-36-8]
AR,Argentina,State / Province / Region,2,Catamarca,Catamarca,,K?[45]
AR,Argentina,State / Province / Region,3,Chaco,Chaco,,H?3
AR,Argentina,State / Province / Region,4,Chubut,Chubut,,U?[89]
AR,Argentina,State / Province / Region,5,Ciudad Autónoma de Buenos Aires,Ciudad Autónoma de Buenos Aires,,C?1
AR,Argentina,State / Province / Region,6,Córdoba,Córdoba,,X?[235-8]
AR,Argentina,State / Province / Region,7,Corrientes,Corrientes,,W?3
AR,Argentina,State / Province / Region,8,Entre Ríos,Entre Ríos,,E?[1-3]
AR,Argentina,State / Province / Region,9,Formosa,Formosa,,P?[37]
AR,Argentina,State / Province / Region,10,Jujuy,Jujuy,,Y?4
AR,Argentina,State / Province / Region,11,La Pampa,La Pampa,,L?[3568]
AR,Argentina,State / Province / Region,12,La Rioja,La Rioja,,F?5
AR,Argentina,State / Province / Region,13,Mendoza,Mendoza,,M?[56]
AR,Argentina,State / Province / Region,14,Misiones,Misiones,,N?3
AR,Argentina,State / Province / Region,15,Neuquén,Neuquén,,Q?[38]
AR,Argentina,State / Province / Region,16,Río Negro,Río Negro,,R?[89]
AR,Argentina,State / Province / Region,17,Salta,Salta,,A?[34]
AR,Argentina,State / Province / Region,18,San Juan,San Juan,,J?5
AR,Argentina,State / Province / Region,19,San Luis,San Luis,,D?[4-6]
AR,Argentina,State / Province / Region,20,Santa Cruz,Santa Cruz,,Z?[89]
AR,Argentina,State / Province / Region,21,Santa Fe,Santa Fe,,S?[2368]
AR,Argentina,State / Province / Region,22,Santiago del Estero,Santiago del Estero,,G?[2-5]
AR,Argentina,State / Province / Region,23,Tierra del Fuego,Tierra del Fuego,,V?9
AR,Argentina,State / Province / Region,24,Tucumán,Tucumán,,T?[45]
AU,Australia,State,1,ACT,Australian Capital Territory,,29|2540|260|261[0-8]|02|2620
AU,Australia,State,2,JBT,Jervis Bay Territory,,2540
AU,Australia,State,3,NSW,New South Wales,,1|2[0-57-8]|26[2-9]|261[189]|3500|358[56]|3644|3707
AU,Australia,State,4,NT,Northern Territory,,0[89]
AU,Australia,State,5,QLD,Queensland,,[49]
AU,Australia,State,6,SA,South Australia,,5|0872
AU,Australia,State,7,TAS,Tasmania,,7
AU,Australia,State,8,VIC,Victoria,,[38]
AU,Australia,State,9,WA,Western Australia,,6|0872
BB,Barbados,Parish,1,Christ Church,Christ Church,,
BB,Barbados,Parish,2,Saint Andrew,Saint Andrew,,
BB,Barbados,Parish,3,Saint George,Saint George,,
BB,Barbados,Parish,4,Saint James,Saint James,,
BB,Barbados,Parish,5,Saint John,Saint John,,
BB,Barbados,Parish,6,Saint Joseph,Saint Joseph,,
BB,Barbados,Parish,7,Saint Lucy,Saint Lucy,,
BB,Barbados,Parish,8,Saint Michael,Saint Michael,,
BB,Barbados,Parish,9,Saint Peter,Saint Peter,,
BB,Barbados,Parish,10,Saint Philip,Saint Philip,,
BB,Barbados,Parish,11,Saint Thomas,Saint Thomas,,
BR,Brazil,State,1,AC,Acre,,699
BR,Brazil,State,2,AL,Alagoas,,57
BR,Brazil,State,3,AP,Amapá,,689
BR,Brazil,State,4,AM,Amazonas,,69[0-24-8]
BR,Brazil,State,5,BA,Bahia,,4[0-8]
BR,Brazil,State,6,CE,Ceará,,6[0-3]
BR,Brazil,State,7,DF,Distrito Federal,,7[0-1]|72[0-7]|73[0-6]
BR,Brazil,State,8,ES,Espírito Santo,,29
BR,Brazil,State,9,GO,Goiás,,72[89]|73[7-9]|7[4-6]
BR,Brazil,State,10,MA,Maranhão,,65
BR,Brazil,State,11,MT,Mato Grosso,,78[0-8]
BR,Brazil,State,12,MS,Mato Grosso do Sul,,79
BR,Brazil,State,13,MG,Minas Gerais,,3
BR,Brazil,State,14,PA,Pará,,6[6-7]|68[0-8]
BR,Brazil,State,15,PB,Paraíba,,58
BR,Brazil,State,16,PR,Paraná,,8[0-7]
BR,Brazil,State,17,PE,Pernambuco,,5[0-6]
BR,Brazil,State,18,PI,Piauí,,64
BR,Brazil,State,19,RJ,Rio de Janeiro,,2[0-8]
BR,Brazil,State,20,RN,Rio Grande do Norte,,59
BR,Brazil,State,21,RS,Rio Grande do Sul,,9
BR,Brazil,State,22,RO,Rondônia,,76[89]|789
BR,Brazil,State,23,RR,Roraima,,693
BR,Brazil,State,24,SC,Santa Catarina,,8[89]
BR,Brazil,State,25,SP,São Paulo,,[01][1-9]
BR,Brazil,State,26,SE,Sergipe,,49
BR,Brazil,State,27,TO,Tocantins,,77
BS,Bahamas,Island,1,Abaco,Abaco Islands,,
BS,Bahamas,Island,2,Acklins,Acklins,,
BS,Bahamas,Island,3,Andros,Andros Island,,
BS,Bahamas,Island,4,Berry Islands,Berry Islands,,
BS,Bahamas,Island,5,Bimini,Bimini,,
BS,Bahamas,Island,6,Cat Island,Cat Island,,
BS,Bahamas,Island,7,Crooked Island,Crooked Island,,
BS,Bahamas,Island,8,Eleuthera,Eleuthera,,
BS,Bahamas,Island,9,Exuma,Exuma and Cays,,
BS,Bahamas,Island,10,Grand Bahama,Grand Bahama,,
BS,Bahamas,Island,11,Harbour Island,Harbour Island,,
BS,Bahamas,Island,12,Inagua,Inagua,,
BS,Bahamas,Island,13,Long Island,Long Island,,
BS,Bahamas,Island,14,Mayaguana,Mayaguana,,
BS,Bahamas,Island,15,N.P.,New Providence,,
BS,Bahamas,Island,16,Ragged Island,Ragged Island,,
BS,Bahamas,Island,17,Rum Cay,Rum Cay,,
BS,Bahamas,Island,18,San Salvador,San Salvador,,
BS,Bahamas,Island,19,Spanish Wells,Spanish Wells,,
CA,Canada,State / Province / Region,1,AB,Alberta,,T
CA,Canada,State / Province / Region,2,BC,British Columbia,,V
CA,Canada,State / Province / Region,3,MB,Manitoba,,R
CA,Canada,State / Province / Region,4,NB,New Brunswick,,E
CA,Canada,State / Province / Region,5,NL,Newfoundland and Labrador,,A
CA,Canada,State / Province / Region,6,NT,Northwest Territories,,X0E|X0G|X1A
CA,Canada,State / Province / Region,7,NS,Nova Scotia,,B
CA,Canada,State / Province / Region,8,NU,Nunavut,,X0A|X0B|X0C
CA,Canada,State / Province / Region,9,ON,Ontario,,K|L|M|N|P
CA,Canada,State / Province / Region,10,PE,Prince Edward Island,,C
CA,Canada,State / Province / Region,11,QC,Quebec,,G|H|J|K1A
CA,Canada,State / Province / Region,12,SK,Saskatchewan,,S|R8A
CA,Canada,State / Province / Region,13,YT,Yukon,,Y
CL,Chile,State / Province / Region,1,Antofagasta,Antofagasta,,
CL,Chile,State / Province / Region,2,Araucanía,Araucanía,,
CL,Chile,State / Province / Region,3,Arica y Parinacota,Arica y Parinacota,,
CL,Chile,State / Province / Region,4,Atacama,Atacama,,
CL,Chile,State / Province / Region,5,Aysén,Aysén del General Carlos Ibáñez del Campo,,
CL,Chile,State / Province / Region,6,Biobío,Biobío,,
CL,Chile,State / Province / Region,7,Coquimbo,Coquimbo,,
CL,Chile,State / Province / Region,8,O'Higgins,Libertador General Bernardo O'Higgins,,
CL,Chile,State / Province / Region,9,Los Lagos,Los Lagos,,
CL,Chile,State / Province / Region,10,Los Ríos,Los Ríos,,
CL,Chile,State / Province / Region,11,Magallanes,Magallanes y de la Antártica Chilena,,
CL,Chile,State / Province / Region,12,Maule,Maule,,
CL,Chile,State / Province / Region,13,Región Metropolitana,Metropolitana de Santiago,,
CL,Chile,State / Province / Region,14,Ñuble,Ñuble,,
CL,Chile,State / Province / Region,15,Tarapacá,Tarapacá,,
CL,Chile,State / Province / Region,16,Valparaíso,Valparaíso,,
CO,Colombia,Department,1,DC,Distrito Capital de Bogotá,,
CO,Colombia,Department,2,AMA,Amazonas,,
CO,Colombia,Department,3,ANT,Antioquia,,
CO,Colombia,Department,4,ARA,Arauca,,
CO,Colombia,Department,5,ATL,Atlántico,,
CO,Colombia,Department,6,BOL,Bolívar,,
CO,Colombia,Department,7,BOY,Boyacá,,
CO,Colombia,Department,8,CAL,Caldas,,
CO,Colombia,Department,9,CAQ,Caquetá,,
CO,Colombia,Department,10,CAS,Casanare,,
CO,Colombia,Department,11,CAU,Cauca,,
CO,Colombia,Department,12,CES,Cesar,,
CO,Colombia,Department,13,COR,Córdoba,,
CO,Colombia,Department,14,CUN,Cundinamarca,,
CO,Colombia,Department,15,CHO,Chocó,,
CO,Colombia,Department,16,GUA,Guainía,,
CO,Colombia,Department,17,GUV,Guaviare,,
CO,Colombia,Department,18,HUI,Huila,,
CO,Colombia,Department,19,LAG,La Guajira,,
CO,Colombia,Department,20,MAG,Magdalena,,
CO,Colombia,Department,21,MET,Meta,,
CO,Colombia,Department,22,NAR,Nariño,,
CO,Colombia,Department,23,NSA,Norte de Santander,,
CO,Colombia,Department,24,PUT,Putumayo,,
CO,Colombia,Department,25,QUI,Quindío,,
CO,Colombia,Department,26,RIS,Risaralda,,
CO,Colombia,Department,27,SAP,"San Andrés, Providencia y Santa Catalina",,
CO,Colombia,Department,28,SAN,Santander,,
CO,Colombia,Department,29,SUC,Sucre,,
CO,Colombia,Department,30,TOL,Tolima,,
CO,Colombia,Department,31,VAC,Valle del Cauca,,
CO,Colombia,Department,32,VAU,Vaupés,,
CO,Colombia,Department,33,VID,Vichada,,
CR,Costa Rica,State / Province / Region,1,Alajuela,Alajuela,,
CR,Costa Rica,State / Province / Region,2,Cartago,Cartago,,
CR,Costa Rica,State / Province / Region,3,Guanacaste,Guanacaste,,
CR,Costa Rica,State / Province / Region,4,Heredia,Heredia,,
CR,Costa Rica,State / Province / Region,5,Limón,Limón,,
CR,Costa Rica,State / Province / Region,6,Puntarenas,Puntarenas,,
CR,Costa Rica,State / Province / Region,7,San José,San José,,
CV,Cape Verde,Island,1,Boa Vista,Boa Vista,,
CV,Cape Verde,Island,2,Brava,Brava,,
CV,Cape Verde,Island,3,Fogo,Fogo,,
CV,Cape Verde,Island,4,Maio,Maio,,
CV,Cape Verde,Island,5,Sal,Sal,,
CV,Cape Verde,Island,6,Santiago,Santiago,,
CV,Cape Verde,Island,7,Santo Antão,Santo Antão,,
CV,Cape Verde,Island,8,São Nicolau,São Nicolau,,
CV,Cape Verde,Island,9,São Vicente,São Vicente,,
EG,Egypt,State / Province / Region,1,أسوان,أسوان — Aswan Governorate,Aswan Governorate,81
EG,Egypt,State / Province / Region,2,أسيوط,أسيوط — Asyut Governorate,Asyut Governorate,71
EG,Egypt,State / Province / Region,3,الإسكندرية,الإسكندرية — Alexandria Governorate,Alexandria Governorate,2[13]
EG,Egypt,State / Province / Region,4,الإسماعيلية,الإسماعيلية — Ismailia Governorate,Ismailia Governorate,41
EG,Egypt,State / Province / Region,5,الأقصر,الأقصر — Luxor Governorate,Luxor Governorate,85
EG,Egypt,State / Province / Region,6,البحر الأحمر,البحر الأحمر — Red Sea Governorate,Red Sea Governorate,84
EG,Egypt,State / Province / Region,7,البحيرة,البحيرة — El Beheira Governorate,El Beheira Governorate,22
EG,Egypt,State / Province / Region,8,الجيزة,الجيزة — Giza Governorate,Giza Governorate,12
EG,Egypt,State / Province / Region,9,الدقهلية,الدقهلية — Dakahlia Governorate,Dakahlia Governorate,35
EG,Egypt,State / Province / Region,10,السويس,السويس — Suez Governorate,Suez Governorate,43
EG,Egypt,State / Province / Region,11,الشرقية,الشرقية — Ash Sharqia Governorate,Ash Sharqia Governorate,44
EG,Egypt,State / Province / Region,12,الغربية,الغربية — Gharbia Governorate,Gharbia Governorate,31
EG,Egypt,State / Province / Region,13,الفيوم,الفيوم — Faiyum Governorate,Faiyum Governorate,63
EG,Egypt,State / Province / Region,14,القاهرة,القاهرة — Cairo Governorate,Cairo Governorate,11
EG,Egypt,State / Province / Region,15,القليوبية,القليوبية — Qalyubia Governorate,Qalyubia Governorate,13
EG,Egypt,State / Province / Region,16,المنوفية,المنوفية — Menofia Governorate,Menofia Governorate,32
EG,Egypt,State / Province / Region,17,المنيا,المنيا — Menia Governorate,Menia Governorate,61
EG,Egypt,State / Province / Region,18,الوادي الجديد,الوادي الجديد — New Valley Governorate,New Valley Governorate,72
EG,Egypt,State / Province / Region,19,بني سويف,بني سويف — Beni Suef Governorate,Beni Suef Governorate,62
EG,Egypt,State / Province / Region,20,بورسعيد,بورسعيد — Port Said Governorate,Port Said Governorate,42
EG,Egypt,State / Province / Region,21,جنوب سيناء,جنوب سيناء — South Sinai Governorate,South Sinai Governorate,46
EG,Egypt,State / Province / Region,22,دمياط,دمياط — Damietta Governorate,Damietta Governorate,34
EG,Egypt,State / Province / Region,23,سوهاج,سوهاج — Sohag Governorate,Sohag Governorate,82
EG,Egypt,State / Province / Region,24,شمال سيناء,شمال سيناء — North Sinai Governorate,North Sinai Governorate,45
EG,Egypt,State / Province / Region,25,قنا,قنا — Qena Governorate,Qena Governorate,83
EG,Egypt,State / Province / Region,26,كفر الشيخ,كفر الشيخ — Kafr El Sheikh Governorate,Kafr El Sheikh Governorate,33
EG,Egypt,State / Province / Region,27,مطروح,مطروح — Matrouh Governorate,Matrouh Governorate,51
ES,Spain,State / Province / Region,1,VI,Álava,,01
ES,Spain,State / Province / Region,2,AB,Albacete,,02
ES,Spain,State / Province / Region,3,A,Alicante,,03
ES,Spain,State / Province / Region,4,AL,Almería,,04
ES,Spain,State / Province / Region,5,O,Asturias,,33
ES,Spain,State / Province / Region,6,AV,Ávila,,05
ES,Spain,State / Province / Region,7,BA,Badajoz,,06
ES,Spain,State / Province / Region,8,B,Barcelona,,08
ES,Spain,State / Province / Region,9,BU,Burgos,,09
ES,Spain,State / Province / Region,10,CC,Cáceres,,10
ES,Spain,State / Province / Region,11,CA,Cádiz,,11
ES,Spain,State / Province / Region,12,S,Cantabria,,39
ES,Spain,State / Province / Region,13,CS,Castellón,,12
ES,Spain,State / Province / Region,14,CE,Ceuta,,51
ES,Spain,State / Province / Region,15,CR,Ciudad Real,,13
ES,Spain,State / Province / Region,16,CO,Córdoba,,14
ES,Spain,State / Province / Region,17,CU,Cuenca,,16
ES,Spain,State / Province / Region,18,GI,Girona,,17
ES,Spain,State / Province / Region,19,GR,Granada,,18
ES,Spain,State / Province / Region,20,GU,Guadalajara,,19
ES,Spain,State / Province / Region,21,SS,Guipúzcoa,,20
ES,Spain,State / Province / Region,22,H,Huelva,,21
ES,Spain,State / Province / Region,23,HU,Huesca,,22
ES,Spain,State / Province / Region,24,PM,Islas Baleares,,07
ES,Spain,State / Province / Region,25,J,Jaén,,23
ES,Spain,State / Province / Region,26,C,La Coruña,,15
ES,Spain,State / Province / Region,27,LO,La Rioja,,26
ES,Spain,State / Province / Region,28,GC,Las Palmas,,35
ES,Spain,State / Province / Region,29,LE,León,,24
ES,Spain,State / Province / Region,30,L,Lérida,,25
ES,Spain,State / Province / Region,31,LU,Lugo,,27
ES,Spain,State / Province / Region,32,M,Madrid,,28
ES,Spain,State / Province / Region,33,MA,Málaga,,29
ES,Spain,State / Province / Region,34,ML,Melilla,,52
ES,Spain,State / Province / Region,35,MU,Murcia,,30
ES,Spain,State / Province / Region,36,NA,Navarra,,31
ES,Spain,State / Province / Region,37,OR,Ourense,,32
ES,Spain,State / Province / Region,38,P,Palencia,,34
ES,Spain,State / Province / Region,39,PO,Pontevedra,,36
ES,Spain,State / Province / Region,40,SA,Salamanca,,37
ES,Spain,State / Province / Region,41,TF,Santa Cruz de Tenerife,,38
ES,Spain,State / Province / Region,42,SG,Segovia,,40
ES,Spain,State / Province / Region,43,SE,Sevilla,,41
ES,Spain,State / Province / Region,44,SO,Soria,,26127|42
ES,Spain,State / Province / Region,45,T,Tarragona,,43
ES,Spain,State / Province / Region,46,TE,Teruel,,44
ES,Spain,State / Province / Region,47,TO,Toledo,,45
ES,Spain,State / Province / Region,48,V,Valencia,,46
ES,Spain,State / Province / Region,49,VA,Valladolid,,47
ES,Spain,State / Province / Region,50,BI,Vizcaya,,48
ES,Spain,State / Province / Region,51,ZA,Zamora,,49
ES,Spain,State / Province / Region,52,Z,Zaragoza,,50
HN,Honduras,Department,1,Atlántida,Atlántida,,
HN,Honduras,Department,2,Choluteca,Choluteca,,
HN,Honduras,Department,3,Colón,Colón,,
HN,Honduras,Department,4,Comayagua,Comayagua,,
HN,Honduras,Department,5,Copán,Copán,,
HN,Honduras,Department,6,Cortés,Cortés,,
HN,Honduras,Department,7,El Paraíso,El Paraíso,,
HN,Honduras,Department,8,Francisco Morazán,Francisco Morazán,,
HN,Honduras,Department,9,Gracias a Dios,Gracias a Dios,,
HN,Honduras,Department,10,Intibucá,Intibucá,,
HN,Honduras,Department,11,Islas de la Bahía,Islas de la Bahía,,
HN,Honduras,Department,12,La Paz,La Paz,,
HN,Honduras,Department,13,Lempira,Lempira,,
HN,Honduras,Department,14,Ocotepeque,Ocotepeque,,
HN,Honduras,Department,15,Olancho,Olancho,,
HN,Honduras,Department,16,Santa Bárbara,Santa Bárbara,,
HN,Honduras,Department,17,Valle,Valle,,
HN,Honduras,Department,18,Yoro,Yoro,,
ID,Indonesia,State / Province / Region,1,Aceh,Aceh — Aceh,Aceh,
ID,Indonesia,State / Province / Region,2,Bali,Bali — Bali,Bali,
ID,Indonesia,State / Province / Region,3,Banten,Banten — Banten,Banten,
ID,Indonesia,State / Province / Region,4,Bengkulu,Bengkulu — Bengkulu,Bengkulu,
ID,Indonesia,State / Province / Region,5,Daerah Istimewa Yogyakarta,Daerah Istimewa Yogyakarta — Special Region of Yogyakarta,Special Region of Yogyakarta,
ID,Indonesia,State / Province / Region,6,DKI Jakarta,DKI Jakarta — Jakarta,Jakarta,
ID,Indonesia,State / Province / Region,7,Gorontalo,Gorontalo — Gorontalo,Gorontalo,
ID,Indonesia,State / Province / Region,8,Jambi,Jambi — Jambi,Jambi,
ID,Indonesia,State / Province / Region,9,Jawa Barat,Jawa Barat — West Java,West Java,
ID,Indonesia,State / Province / Region,10,Jawa Tengah,Jawa Tengah — Central Java,Central Java,
ID,Indonesia,State / Province / Region,11,Jawa Timur,Jawa Timur — East Java,East Java,
ID,Indonesia,State / Province / Region,12,Kalimantan Barat,Kalimantan Barat — West Kalimantan,West Kalimantan,
ID,Indonesia,State / Province / Region,13,Kalimantan Selatan,Kalimantan Selatan — South Kalimantan,South Kalimantan,
ID,Indonesia,State / Province / Region,14,Kalimantan Tengah,Kalimantan Tengah — Central Kalimantan,Central Kalimantan,
ID,Indonesia,State / Province / Region,15,Kalimantan Timur,Kalimantan Timur — East Kalimantan,East Kalimantan,
ID,Indonesia,State / Province / Region,16,Kalimantan Utara,Kalimantan Utara — North Kalimantan,North Kalimantan,
ID,Indonesia,State / Province / Region,17,Kepulauan Bangka Belitung,Kepulauan Bangka Belitung — Bangka Belitung Islands,Bangka Belitung Islands,
ID,Indonesia,State / Province / Region,18,Kepulauan Riau,Kepulauan Riau — Riau Islands,Riau Islands,
ID,Indonesia,State / Province / Region,19,Lampung,Lampung — Lampung,Lampung,
ID,Indonesia,State / Province / Region,20,Maluku,Maluku — Maluku,Maluku,
ID,Indonesia,State / Province / Region,21,Maluku Utara,Maluku Utara — North Maluku,North Maluku,
ID,Indonesia,State / Province / Region,22,Nusa Tenggara Barat,Nusa Tenggara Barat — West Nusa Tenggara,West Nusa Tenggara,
ID,Indonesia,State / Province / Region,23,Nusa Tenggara Timur,Nusa Tenggara Timur — East Nusa Tenggara,East Nusa Tenggara,
ID,Indonesia,State / Province / Region,24,Papua,Papua — Papua,Papua,
ID,Indonesia,State / Province / Region,25,Papua Barat,Papua Barat — West Papua,West Papua,
ID,Indonesia,State / Province / Region,26,Riau,Riau — Riau,Riau,
ID,Indonesia,State / Province / Region,27,Sulawesi Barat,Sulawesi Barat — West Sulawesi,West Sulawesi,
ID,Indonesia,State / Province / Region,28,Sulawesi Selatan,Sulawesi Selatan — South Sulawesi,South Sulawesi,
ID,Indonesia,State / Province / Region,29,Sulawesi Tengah,Sulawesi Tengah — Central Sulawesi,Central Sulawesi,
ID,Indonesia,State / Province / Region,30,Sulawesi Tenggara,Sulawesi Tenggara — South East Sulawesi,South East Sulawesi,
ID,Indonesia,State / Province / Region,31,Sulawesi Utara,Sulawesi Utara — North Sulawesi,North Sulawesi,
ID,Indonesia,State / Province / Region,32,Sumatera Barat,Sumatera Barat — West Sumatra,West Sumatra,
ID,Indonesia,State / Province / Region,33,Sumatera Selatan,Sumatera Selatan — South Sumatra,South Sumatra,
ID,Indonesia,State / Province / Region,34,Sumatera Utara,Sumatera Utara — North Sumatra,North Sumatra,
IE,Ireland,County,1,Carlow,Carlow,,
IE,Ireland,County,2,Cavan,Cavan,,
IE,Ireland,County,3,Clare,Clare,,
IE,Ireland,County,4,Cork,Cork,,
IE,Ireland,County,5,Donegal,Donegal,,
IE,Ireland,County,6,Dublin,Dublin,,
IE,Ireland,County,7,Galway,Galway,,
IE,Ireland,County,8,Kerry,Kerry,,
IE,Ireland,County,9,Kildare,Kildare,,
IE,Ireland,County,10,Kilkenny,Kilkenny,,
IE,Ireland,County,11,Laois,Laois,,
IE,Ireland,County,12,Leitrim,Leitrim,,
IE,Ireland,County,13,Limerick,Limerick,,
IE,Ireland,County,14,Longford,Longford,,
IE,Ireland,County,15,Louth,Louth,,
IE,Ireland,County,16,Mayo,Mayo,,
IE,Ireland,County,17,Meath,Meath,,
IE,Ireland,County,18,Monaghan,Monaghan,,
IE,Ireland,County,19,Offaly,Offaly,,
IE,Ireland,County,20,Roscommon,Roscommon,,
IE,Ireland,County,21,Sligo,Sligo,,
IE,Ireland,County,22,Tipperary,Tipperary,,
IE,Ireland,County,23,Waterford,Waterford,,
IE,Ireland,County,24,Westmeath,Westmeath,,
IE,Ireland,County,25,Wexford,Wexford,,
IE,Ireland,County,26,Wicklow,Wicklow,,
IN,India,State,1,Andaman and Nicobar Islands,Andaman & Nicobar,,744
IN,India,State,2,Andhra Pradesh,Andhra Pradesh,,5[0-3]
IN,India,State,3,Arunachal Pradesh,Arunachal Pradesh,,79[0-2]
IN,India,State,4,Assam,Assam,,78
IN,India,State,5,Bihar,Bihar,,8[0-5]
IN,India,State,6,Chandigarh,Chandigarh,,16|1440[3-9]
IN,India,State,7,Chhattisgarh,Chhattisgarh,,49
IN,India,State,8,Dadra and Nagar Haveli and Daman and Diu,Dadra & Nagar Haveli & Daman & Diu,,396|362
IN,India,State,9,Delhi,Delhi,,11
IN,India,State,10,Goa,Goa,,403
IN,India,State,11,Gujarat,Gujarat,,3[6-9]
IN,India,State,12,Haryana,Haryana,,1[23]
IN,India,State,13,Himachal Pradesh,Himachal Pradesh,,17
IN,India,State,14,Jammu and Kashmir,Jammu & Kashmir,,1[89]
IN,India,State,15,Jharkhand,Jharkhand,,81[4-9]|82|83[0-5]
IN,India,State,16,Karnataka,Karnataka,,5[4-9]|53[7-9]
IN,India,State,17,Kerala,Kerala,,6[7-9]|6010|607008|777
IN,India,State,18,Ladakh,Ladakh,,194
IN,India,State,19,Lakshadweep,Lakshadweep,,682
IN,India,State,20,Madhya Pradesh,Madhya Pradesh,,4[5-8]|490
IN,India,State,21,Maharashtra,Maharashtra,,4[0-4]
IN,India,State,22,Manipur,Manipur,,79[56]
IN,India,State,23,Meghalaya,Meghalaya,,79[34]
IN,India,State,24,Mizoram,Mizoram,,796
IN,India,State,25,Nagaland,Nagaland,,79[78]
IN,India,State,26,Odisha,Odisha,,7[5-7]
IN,India,State,27,Puducherry,Puducherry,,60[579]
IN,India,State,28,Punjab,Punjab,,1[456]
IN,India,State,29,Rajasthan,Rajasthan,,3[0-4]
IN,India,State,30,Sikkim,Sikkim,,737|750
IN,India,State,31,Tamil Nadu,Tamil Nadu,,6[0-6]|536
IN,India,State,32,Telangana,Telangana,,5[0-3]
IN,India,State,33,Tripura,Tripura,,799
IN,India,State,34,Uttar Pradesh,Uttar Pradesh,,2[0-35-8]|24[0-7]|26[12]
IN,India,State,35,Uttarakhand,Uttarakhand,,24[46-9]|254|26[23]
IN,India,State,36,West Bengal,West Bengal,,7[0-4]
IQ,Iraq,State / Province / Region,1,Al Anbar Governorate,Al Anbar Governorate,,
IQ,Iraq,State / Province / Region,2,Basra Governorate,Basra Governorate,,
IQ,Iraq,State / Province / Region,3,Muthanna Governorate,Muthanna Governorate,,
IQ,Iraq,State / Province / Region,4,Al-Qadisiyah Governorate,Al-Qadisiyah Governorate,,
IQ,Iraq,State / Province / Region,5,Najaf Governorate,Najaf Governorate,,
IQ,Iraq,State / Province / Region,6,Erbil Governorate,Erbil Governorate,,
IQ,Iraq,State / Province / Region,7,Sulaymaniyah Governorate,Sulaymaniyah Governorate,,
IQ,Iraq,State / Province / Region,8,Babil Governorate,Babil Governorate,,
IQ,Iraq,State / Province / Region,9,Baghdad Governorate,Baghdad Governorate,,
IQ,Iraq,State / Province / Region,10,Dohuk Governorate,Dohuk Governorate,,
IQ,Iraq,State / Province / Region,11,Dhi Qar Governorate,Dhi Qar Governorate,,
IQ,Iraq,State / Province / Region,12,Diyala Governorate,Diyala Governorate,,
IQ,Iraq,State / Province / Region,13,Karbala Governorate,Karbala Governorate,,
IQ,Iraq,State / Province / Region,14,Kirkuk Governorate,Kirkuk Governorate,,
IQ,Iraq,State / Province / Region,15,Maysan Governorate,Maysan Governorate,,
IQ,Iraq,State / Province / Region,16,Nineveh Governorate,Nineveh Governorate,,
IQ,Iraq,State / Province / Region,17,Saladin Governorate,Saladin Governorate,,
IQ,Iraq,State / Province / Region,18,Wasit Governorate,Wasit Governorate,,
IT,Italy,State / Province / Region,1,AG,Agrigento,,92
IT,Italy,State / Province / Region,2,AL,Alessandria,,15
IT,Italy,State / Province / Region,3,AN,Ancona,,60
IT,Italy,State / Province / Region,4,AO,Aosta,,11
IT,Italy,State / Province / Region,5,AR,Arezzo,,52
IT,Italy,State / Province / Region,6,AP,Ascoli Piceno,,63
IT,Italy,State / Province / Region,7,AT,Asti,,14
IT,Italy,State / Province / Region,8,AV,Avellino,,83
IT,Italy,State / Province / Region,9,BA,Bari,,70
IT,Italy,State / Province / Region,10,BT,Barletta-Andria-Trani,,76[01]
IT,Italy,State / Province / Region,11,BL,Belluno,,32
IT,Italy,State / Province / Region,12,BN,Benevento,,82
IT,Italy,State / Province / Region,13,BG,Bergamo,,24
IT,Italy,State / Province / Region,14,BI,Biella,,13[89]
IT,Italy,State / Province / Region,15,BO,Bologna,,40
IT,Italy,State / Province / Region,16,BZ,Bolzano,,39
IT,Italy,State / Province / Region,17,BS,Brescia,,25
IT,Italy,State / Province / Region,18,BR,Brindisi,,72
IT,Italy,State / Province / Region,19,CA,Cagliari,,0912[1-9]|0913[0-4]|0901[0289]|0902[03468]|0903[0234]|0904|0803[035]|08043
IT,Italy,State / Province / Region,20,CL,Caltanissetta,,93
IT,Italy,State / Province / Region,21,CB,Campobasso,,860[1-4]|86100
IT,Italy,State / Province / Region,22,CE,Caserta,,81
IT,Italy,State / Province / Region,23,CT,Catania,,95
IT,Italy,State / Province / Region,24,CZ,Catanzaro,,88[01]
IT,Italy,State / Province / Region,25,CH,Chieti,,66
IT,Italy,State / Province / Region,26,CO,Como,,22
IT,Italy,State / Province / Region,27,CS,Cosenza,,87
IT,Italy,State / Province / Region,28,CR,Cremona,,26[01]
IT,Italy,State / Province / Region,29,KR,Crotone,,88[89]
IT,Italy,State / Province / Region,30,CN,Cuneo,,12|18025
IT,Italy,State / Province / Region,31,EN,Enna,,94
IT,Italy,State / Province / Region,32,FM,Fermo,,638|63900
IT,Italy,State / Province / Region,33,FE,Ferrara,,44
IT,Italy,State / Province / Region,34,FI,Firenze,,50
IT,Italy,State / Province / Region,35,FG,Foggia,,71
IT,Italy,State / Province / Region,36,FC,Forlì-Cesena,,47[015]
IT,Italy,State / Province / Region,37,FR,Frosinone,,03
IT,Italy,State / Province / Region,38,GE,Genova,,16
IT,Italy,State / Province / Region,39,GO,Gorizia,,34[01]7
IT,Italy,State / Province / Region,40,GR,Grosseto,,58
IT,Italy,State / Province / Region,41,IM,Imperia,,18
IT,Italy,State / Province / Region,42,IS,Isernia,,860[7-9]|86170
IT,Italy,State / Province / Region,43,AQ,L'Aquila,,67
IT,Italy,State / Province / Region,44,SP,La Spezia,,19
IT,Italy,State / Province / Region,45,LT,Latina,,04
IT,Italy,State / Province / Region,46,LE,Lecce,,73
IT,Italy,State / Province / Region,47,LC,Lecco,,23[89]
IT,Italy,State / Province / Region,48,LI,Livorno,,57
IT,Italy,State / Province / Region,49,LO,Lodi,,26[89]
IT,Italy,State / Province / Region,50,LU,Lucca,,55
IT,Italy,State / Province / Region,51,MC,Macerata,,62
IT,Italy,State / Province / Region,52,MN,Mantova,,46
IT,Italy,State / Province / Region,53,MS,Massa-Carrara,,54
IT,Italy,State / Province / Region,54,MT,Matera,,75
IT,Italy,State / Province / Region,55,ME,Messina,,98
IT,Italy,State / Province / Region,56,MI,Milano,,20
IT,Italy,State / Province / Region,57,MO,Modena,,41
IT,Italy,State / Province / Region,58,MB,Monza e Brianza,,208|20900
IT,Italy,State / Province / Region,59,NA,Napoli,,80
IT,Italy,State / Province / Region,60,NO,Novara,,28[01]
IT,Italy,State / Province / Region,61,NU,Nuoro,,080[1-4]|08100
IT,Italy,State / Province / Region,62,OR,Oristano,,090[7-9]|09170|0801[039]|0803[04]
IT,Italy,State / Province / Region,63,PD,Padova,,35
IT,Italy,State / Province / Region,64,PA,Palermo,,90
IT,Italy,State / Province / Region,65,PR,Parma,,43
IT,Italy,State / Province / Region,66,PV,Pavia,,27
IT,Italy,State / Province / Region,67,PG,Perugia,,06
IT,Italy,State / Province / Region,68,PU,Pesaro e Urbino,,61
IT,Italy,State / Province / Region,69,PE,Pescara,,65
IT,Italy,State / Province / Region,70,PC,Piacenza,,29
IT,Italy,State / Province / Region,71,PI,Pisa,,56
IT,Italy,State / Province / Region,72,PT,Pistoia,,51
IT,Italy,State / Province / Region,73,PN,Pordenone,,330[7-9]|33170
IT,Italy,State / Province / Region,74,PZ,Potenza,,85
IT,Italy,State / Province / Region,75,PO,Prato,,59
IT,Italy,State / Province / Region,76,RG,Ragusa,,97
IT,Italy,State / Province / Region,77,RA,Ravenna,,48
IT,Italy,State / Province / Region,78,RC,Reggio Calabria,,89[01]
IT,Italy,State / Province / Region,79,RE,Reggio Emilia,,42
IT,Italy,State / Province / Region,80,RI,Rieti,,02
IT,Italy,State / Province / Region,81,RN,Rimini,,47[89]
IT,Italy,State / Province / Region,82,RM,Roma,,00
IT,Italy,State / Province / Region,83,RO,Rovigo,,45
IT,Italy,State / Province / Region,84,SA,Salerno,,84
IT,Italy,State / Province / Region,85,SS,Sassari,,07[01]|08020
IT,Italy,State / Province / Region,86,SV,Savona,,17|12071
IT,Italy,State / Province / Region,87,SI,Siena,,53
IT,Italy,State / Province / Region,88,SR,Siracusa,,96
IT,Italy,State / Province / Region,89,SO,Sondrio,,23[01]
IT,Italy,State / Province / Region,90,SU,Sud Sardegna,,090[1-5][0-9]|0906[0-6]|080[1-4]
IT,Italy,State / Province / Region,91,TA,Taranto,,74
IT,Italy,State / Province / Region,92,TE,Teramo,,64
IT,Italy,State / Province / Region,93,TR,Terni,,05
IT,Italy,State / Province / Region,94,TO,Torino,,10
IT,Italy,State / Province / Region,95,TP,Trapani,,91
IT,Italy,State / Province / Region,96,TN,Trento,,38
IT,Italy,State / Province / Region,97,TV,Treviso,,31
IT,Italy,State / Province / Region,98,TS,Trieste,,3401|341[0-689]|34062
IT,Italy,State / Province / Region,99,UD,Udine,,330[1-5]|33100
IT,Italy,State / Province / Region,100,VA,Varese,,21
IT,Italy,State / Province / Region,101,VE,Venezia,,30
IT,Italy,State / Province / Region,102,VB,Verbano-Cusio-Ossola,,28[89]
IT,Italy,State / Province / Region,103,VC,Vercelli,,13[01]
IT,Italy,State / Province / Region,104,VR,Verona,,37
IT,Italy,State / Province / Region,105,VV,Vibo Valentia,,89[89]
IT,Italy,State / Province / Region,106,VI,Vicenza,,36
IT,Italy,State / Province / Region,107,VT,Viterbo,,01
JM,Jamaica,Parish,1,Clarendon,Clarendon,,
JM,Jamaica,Parish,2,Hanover,Hanover,,
JM,Jamaica,Parish,3,Kingston,Kingston,,
JM,Jamaica,Parish,4,Manchester,Manchester,,
JM,Jamaica,Parish,5,Portland,Portland,,
JM,Jamaica,Parish,6,St. Andrew,St. Andrew,,
JM,Jamaica,Parish,7,St. Ann,St. Ann,,
JM,Jamaica,Parish,8,St. Catherine,St. Catherine,,
JM,Jamaica,Parish,9,St. Elizabeth,St. Elizabeth,,
JM,Jamaica,Parish,10,St. James,St. James,,
JM,Jamaica,Parish,11,St. Mary,St. Mary,,
JM,Jamaica,Parish,12,St. Thomas,St. Thomas,,
JM,Jamaica,Parish,13,Trelawny,Trelawny,,
JM,Jamaica,Parish,14,Westmoreland,Westmoreland,,
JP,Japan,Prefecture,1,北海道,北海道 — Hokkaido,Hokkaido,0[4-9]|00[1-7]
JP,Japan,Prefecture,2,青森県,青森県 — Aomori,Aomori,03|018
JP,Japan,Prefecture,3,岩手県,岩手県 — Iwate,Iwate,02
JP,Japan,Prefecture,4,宮城県,宮城県 — Miyagi,Miyagi,98
JP,Japan,Prefecture,5,秋田県,秋田県 — Akita,Akita,01
JP,Japan,Prefecture,6,山形県,山形県 — Yamagata,Yamagata,99
JP,Japan,Prefecture,7,福島県,福島県 — Fukushima,Fukushima,9[67]
JP,Japan,Prefecture,8,茨城県,茨城県 — Ibaraki,Ibaraki,3[01]
JP,Japan,Prefecture,9,栃木県,栃木県 — Tochigi,Tochigi,32|311|349
JP,Japan,Prefecture,10,群馬県,群馬県 — Gunma,Gunma,37|38[49]
JP,Japan,Prefecture,11,埼玉県,埼玉県 — Saitama,Saitama,3[3-6]
JP,Japan,Prefecture,12,千葉県,千葉県 — Chiba,Chiba,2[6-9]
JP,Japan,Prefecture,13,東京都,東京都 — Tokyo,Tokyo,1[0-8]|19[0-8]|20
JP,Japan,Prefecture,14,神奈川県,神奈川県 — Kanagawa,Kanagawa,2[1-5]|199
JP,Japan,Prefecture,15,新潟県,新潟県 — Niigata,Niigata,9[45]|389
JP,Japan,Prefecture,16,富山県,富山県 — Toyama,Toyama,93
JP,Japan,Prefecture,17,石川県,石川県 — Ishikawa,Ishikawa,92|939
JP,Japan,Prefecture,18,福井県,福井県 — Fukui,Fukui,91|922
JP,Japan,Prefecture,19,山梨県,山梨県 — Yamanashi,Yamanashi,40
JP,Japan,Prefecture,20,長野県,長野県 — Nagano,Nagano,3[89]|949
JP,Japan,Prefecture,21,岐阜県,岐阜県 — Gifu,Gifu,50
JP,Japan,Prefecture,22,静岡県,静岡県 — Shizuoka,Shizuoka,4[1-9]
JP,Japan,Prefecture,23,愛知県,愛知県 — Aichi,Aichi,4[4-9]|431
JP,Japan,Prefecture,24,三重県,三重県 — Mie,Mie,51|498|647
JP,Japan,Prefecture,25,滋賀県,滋賀県 — Shiga,Shiga,52
JP,Japan,Prefecture,26,京都府,京都府 — Kyoto,Kyoto,6[0-2]|520
JP,Japan,Prefecture,27,大阪府,大阪府 — Osaka,Osaka,5[3-9]|618|630
JP,Japan,Prefecture,28,兵庫県,兵庫県 — Hyogo,Hyogo,6[5-7]|563
JP,Japan,Prefecture,29,奈良県,奈良県 — Nara,Nara,63|64[78]
JP,Japan,Prefecture,30,和歌山県,和歌山県 — Wakayama,Wakayama,64|519
JP,Japan,Prefecture,31,鳥取県,鳥取県 — Tottori,Tottori,68
JP,Japan,Prefecture,32,島根県,島根県 — Shimane,Shimane,69|68[45]
JP,Japan,Prefecture,33,岡山県,岡山県 — Okayama,Okayama,7[01]
JP,Japan,Prefecture,34,広島県,広島県 — Hiroshima,Hiroshima,7[23]
JP,Japan,Prefecture,35,山口県,山口県 — Yamaguchi,Yamaguchi,7[45]
JP,Japan,Prefecture,36,徳島県,徳島県 — Tokushima,Tokushima,77
JP,Japan,Prefecture,37,香川県,香川県 — Kagawa,Kagawa,76
JP,Japan,Prefecture,38,愛媛県,愛媛県 — Ehime,Ehime,79
JP,Japan,Prefecture,39,高知県,高知県 — Kochi,Kochi,78
JP,Japan,Prefecture,40,福岡県,福岡県 — Fukuoka,Fukuoka,8[0-3]|871
JP,Japan,Prefecture,41,佐賀県,佐賀県 — Saga,Saga,84
JP,Japan,Prefecture,42,長崎県,長崎県 — Nagasaki,Nagasaki,85|81[17]|848
JP,Japan,Prefecture,43,熊本県,熊本県 — Kumamoto,Kumamoto,86
JP,Japan,Prefecture,44,大分県,大分県 — Oita,Oita,87|839
JP,Japan,Prefecture,45,宮崎県,宮崎県 — Miyazaki,Miyazaki,88
JP,Japan,Prefecture,46,鹿児島県,鹿児島県 — Kagoshima,Kagoshima,89
JP,Japan,Prefecture,47,沖縄県,沖縄県 — Okinawa,Okinawa,90
KI,Kiribati,Island,1,Gilbert Islands,Gilbert Islands,,
KI,Kiribati,Island,2,Line Islands,Line Islands,,
KI,Kiribati,Island,3,Phoenix Islands,Phoenix Islands,,
KN,St. Kitts & Nevis,Island,1,Nevis,Nevis,,
KN,St. Kitts & Nevis,Island,2,St. Kitts,St. Kitts,,
KR,South Korea,Do Si,1,강원도,강원 — Gangwon-do,Gangwon-do,2[456]\d{2}
KR,South Korea,Do Si,2,경기도,경기 — Gyeonggi-do,Gyeonggi-do,1[0-8]\d{2}
KR,South Korea,Do Si,3,경상남도,경남 — Gyeongsangnam-do,Gyeongsangnam-do,5[0-3]\d{2}
KR,South Korea,Do Si,4,경상북도,경북 — Gyeongsangbuk-do,Gyeongsangbuk-do,(?:3[6-9]|40)\d{2}
KR,South Korea,Do Si,5,광주광역시,광주 — Gwangju,Gwangju,6[12]\d{2}
KR,South Korea,Do Si,6,대구광역시,대구 — Daegu,Daegu,4[123]\d{2}
KR,South Korea,Do Si,7,대전광역시,대전 — Daejeon,Daejeon,3[45]\d{2}
KR,South Korea,Do Si,8,부산광역시,부산 — Busan,Busan,4[6-9]\d{2}
KR,South Korea,Do Si,9,서울특별시,서울 — Seoul,Seoul,0[1-8]\d{2}
KR,South Korea,Do Si,10,세종특별자치시,세종 — Sejong,Sejong,30[01]\d
KR,South Korea,Do Si,11,울산광역시,울산 — Ulsan,Ulsan,4[45]\d{2}
KR,South Korea,Do Si,12,인천광역시,인천 — Incheon,Incheon,2[1-3]\d{2}
KR,South Korea,Do Si,13,전라남도,전남 — Jeollanam-do,Jeollanam-do,5[7-9]\d{2}
KR,South Korea,Do Si,14,전라북도,전북 — Jeollabuk-do,Jeollabuk-do,5[4-6]\d{2}
KR,South Korea,Do Si,15,제주특별자치도,제주 — Jeju-do,Jeju-do,63[0-356]\d
KR,South Korea,Do Si,16,충청남도,충남 — Chungcheongnam-do,Chungcheongnam-do,3[1-3]\d{2}
KR,South Korea,Do Si,17,충청북도,충북 — Chungcheongbuk-do,Chungcheongbuk-do,2[789]\d{2}
KY,Cayman Islands,Island,1,Cayman Brac,Cayman Brac,,
KY,Cayman Islands,Island,2,Grand Cayman,Grand Cayman,,
KY,Cayman Islands,Island,3,Little Cayman,Little Cayman,,
KZ,Kazakhstan,State / Province / Region,1,Almaty,Almaty,,
KZ,Kazakhstan,State / Province / Region,2,Astana,Astana,,
KZ,Kazakhstan,State / Province / Region,3,Shymkent,Shymkent,,
KZ,Kazakhstan,State / Province / Region,4,Almatinskaya oblast',Almatinskaya oblast',,
KZ,Kazakhstan,State / Province / Region,5,Akmolinskaya oblast',Akmolinskaya oblast',,
KZ,Kazakhstan,State / Province / Region,6,Aktyubinskaya oblast',Aktyubinskaya oblast',,
KZ,Kazakhstan,State / Province / Region,7,Atyrauskaya oblast',Atyrauskaya oblast',,
KZ,Kazakhstan,State / Province / Region,8,Zapadno-Kazakhstanskaya oblast',Zapadno-Kazakhstanskaya oblast',,
KZ,Kazakhstan,State / Province / Region,9,Mangistauskaya oblast',Mangistauskaya oblast',,
KZ,Kazakhstan,State / Province / Region,10,Turkestankaya oblast',Turkestankaya oblast',,
KZ,Kazakhstan,State / Province / Region,11,Pavlodarskaya oblast',Pavlodarskaya oblast',,
KZ,Kazakhstan,State / Province / Region,12,Karagandinskaya oblast',Karagandinskaya oblast',,
KZ,Kazakhstan,State / Province / Region,13,Kostanayskaya oblast',Kostanayskaya oblast',,
KZ,Kazakhstan,State / Province / Region,14,Kyzylordinskaya oblast',Kyzylordinskaya oblast',,
KZ,Kazakhstan,State / Province / Region,15,Vostochno-Kazakhstanskaya oblast',Vostochno-Kazakhstanskaya oblast',,
KZ,Kazakhstan,State / Province / Region,16,Severo-Kazakhstanskaya oblast',Severo-Kazakhstanskaya oblast',,
KZ,Kazakhstan,State / Province / Region,17,Zhambylskaya oblast',Zhambylskaya oblast',,
KZ,Kazakhstan,State / Province / Region,18,Abaiskaya oblast',Abaiskaya oblast',,
KZ,Kazakhstan,State / Province / Region,19,Zhetysuskaya oblast',Zhetysuskaya oblast',,
KZ,Kazakhstan,State / Province / Region,20,Ulytauskaya oblast',Ulytauskaya oblast',,
MN,Mongolia,State / Province / Region,1,Ulaanbaatar,Ulaanbaatar,,
MN,Mongolia,State / Province / Region,2,Arkhangai Province,Arkhangai Province,,
MN,Mongolia,State / Province / Region,3,Bayankhongor Province,Bayankhongor Province,,
MN,Mongolia,State / Province / Region,4,Bayan-Ölgii Province,Bayan-Ölgii Province,,
MN,Mongolia,State / Province / Region,5,Bulgan Province,Bulgan Province,,
MN,Mongolia,State / Province / Region,6,Darkhan-Uul Province,Darkhan-Uul Province,,
MN,Mongolia,State / Province / Region,7,Dornod Province,Dornod Province,,
MN,Mongolia,State / Province / Region,8,Dornogovi Province,Dornogovi Province,,
MN,Mongolia,State / Province / Region,9,Dundgovi Province,Dundgovi Province,,
MN,Mongolia,State / Province / Region,10,Zavkhan Province,Zavkhan Province,,
MN,Mongolia,State / Province / Region,11,Govi-Altai Province,Govi-Altai Province,,
MN,Mongolia,State / Province / Region,12,Govisümber Province,Govisümber Province,,
MN,Mongolia,State / Province / Region,13,Khentii Province,Khentii Province,,
MN,Mongolia,State / Province / Region,14,Khovd Province,Khovd Province,,
MN,Mongolia,State / Province / Region,15,Khövsgöl Province,Khövsgöl Province,,
MN,Mongolia,State / Province / Region,16,Ömnögovi Province,Ömnögovi Province,,
MN,Mongolia,State / Province / Region,17,Orkhon Province,Orkhon Province,,
MN,Mongolia,State / Province / Region,18,Övörkhangai Province,Övörkhangai Province,,
MN,Mongolia,State / Province / Region,19,Selenge Province,Selenge Province,,
MN,Mongolia,State / Province / Region,20,Sükhbaatar Province,Sükhbaatar Province,,
MN,Mongolia,State / Province / Region,21,Töv Province,Töv Province,,
MN,Mongolia,State / Province / Region,22,Uvs Province,Uvs Province,,
MX,Mexico,State,1,Ags.,Aguascalientes,,20
MX,Mexico,State,2,B.C.,Baja California,,2[12]
MX,Mexico,State,3,B.C.S.,Baja California Sur,,23
MX,Mexico,State,4,Camp.,Campeche,,24
MX,Mexico,State,5,Chis.,Chiapas,,29|30
MX,Mexico,State,6,Chih.,Chihuahua,,3[1-3]
MX,Mexico,State,7,CDMX,Ciudad de México,,0|1[0-6]
MX,Mexico,State,8,Coah.,Coahuila de Zaragoza,,2[5-7]
MX,Mexico,State,9,Col.,Colima,,28
MX,Mexico,State,10,Dgo.,Durango,,3[45]
MX,Mexico,State,11,Méx.,Estado de México,,5[0-7]
MX,Mexico,State,12,Gto.,Guanajuato,,3[6-8]
MX,Mexico,State,13,Gro.,Guerrero,,39|4[01]
MX,Mexico,State,14,Hgo.,Hidalgo,,4[23]
MX,Mexico,State,15,Jal.,Jalisco,,4[4-9]
MX,Mexico,State,16,Mich.,Michoacán,,5[89]|6[01]
MX,Mexico,State,17,Mor.,Morelos,,62
MX,Mexico,State,18,Nay.,Nayarit,,63
MX,Mexico,State,19,N.L.,Nuevo León,,6[4-7]
MX,Mexico,State,20,Oax.,Oaxaca,,6[89]|7[01]
MX,Mexico,State,21,Pue.,Puebla,,7[2-5]
MX,Mexico,State,22,Qro.,Querétaro,,76
MX,Mexico,State,23,Q.R.,Quintana Roo,,77
MX,Mexico,State,24,S.L.P.,San Luis Potosí,,7[89]
MX,Mexico,State,25,Sin.,Sinaloa,,8[0-2]
MX,Mexico,State,26,Son.,Sonora,,8[3-5]
MX,Mexico,State,27,Tab.,Tabasco,,86
MX,Mexico,State,28,Tamps.,Tamaulipas,,8[7-9]
MX,Mexico,State,29,Tlax.,Tlaxcala,,90
MX,Mexico,State,30,Ver.,Veracruz,,9[1-6]
MX,Mexico,State,31,Yuc.,Yucatán,,97
MX,Mexico,State,32,Zac.,Zacatecas,,9[89]
MY,Malaysia,State,1,Johor,Johor,,79|8[0-6]
MY,Malaysia,State,2,Kedah,Kedah,,0[5-9]|34950
MY,Malaysia,State,3,Kelantan,Kelantan,,1[5-9]
MY,Malaysia,State,4,Kuala Lumpur,Kuala Lumpur,,5|60
MY,Malaysia,State,5,Labuan,Labuan,,87
MY,Malaysia,State,6,Melaka,Melaka,,7[5-8]
MY,Malaysia,State,7,Negeri Sembilan,Negeri Sembilan,,7[0-4]
MY,Malaysia,State,8,Pahang,Pahang,,2[5-8]|[346]9
MY,Malaysia,State,9,Perak,Perak,,3[0-6]|39000
MY,Malaysia,State,10,Perlis,Perlis,,0[12]
MY,Malaysia,State,11,Pulau Pinang,Pulau Pinang,,1[0-4]
MY,Malaysia,State,12,Putrajaya,Putrajaya,,62
MY,Malaysia,State,13,Sabah,Sabah,,8[89]|9[01]
MY,Malaysia,State,14,Sarawak,Sarawak,,9[3-8]
MY,Malaysia,State,15,Selangor,Selangor,,4[0-8]|6[3-8]
MY,Malaysia,State,16,Terengganu,Terengganu,,2[0-4]
MZ,Mozambique,State / Province / Region,1,Cabo Delgado,Cabo Delgado,,
MZ,Mozambique,State / Province / Region,2,Cidade de Maputo,Cidade de Maputo,,
MZ,Mozambique,State / Province / Region,3,Gaza,Gaza,,
MZ,Mozambique,State / Province / Region,4,Inhambane,Inhambane,,
MZ,Mozambique,State / Province / Region,5,Manica,Manica,,
MZ,Mozambique,State / Province / Region,6,Maputo,Maputo,,
MZ,Mozambique,State / Province / Region,7,Nampula,Nampula,,
MZ,Mozambique,State / Province / Region,8,Niassa,Niassa,,
MZ,Mozambique,State / Province / Region,9,Sofala,Sofala,,
MZ,Mozambique,State / Province / Region,10,Tete,Tete,,
MZ,Mozambique,State / Province / Region,11,Zambezia,Zambezia,,
NG,Nigeria,State,1,Abia,Abia,,
NG,Nigeria,State,2,Adamawa,Adamawa,,
NG,Nigeria,State,3,Akwa Ibom,Akwa Ibom,,
NG,Nigeria,State,4,Anambra,Anambra,,
NG,Nigeria,State,5,Bauchi,Bauchi,,
NG,Nigeria,State,6,Bayelsa,Bayelsa,,
NG,Nigeria,State,7,Benue,Benue,,
NG,Nigeria,State,8,Borno,Borno,,
NG,Nigeria,State,9,Cross River,Cross River,,
NG,Nigeria,State,10,Delta,Delta,,
NG,Nigeria,State,11,Ebonyi,Ebonyi,,
NG,Nigeria,State,12,Edo,Edo,,
NG,Nigeria,State,13,Ekiti,Ekiti,,
NG,Nigeria,State,14,Enugu,Enugu,,
NG,Nigeria,State,15,Federal Capital Territory,Federal Capital Territory,,
NG,Nigeria,State,16,Gombe,Gombe,,
NG,Nigeria,State,17,Imo,Imo,,
NG,Nigeria,State,18,Jigawa,Jigawa,,
NG,Nigeria,State,19,Kaduna,Kaduna,,
NG,Nigeria,State,20,Kano,Kano,,
NG,Nigeria,State,21,Katsina,Katsina,,
NG,Nigeria,State,22,Kebbi,Kebbi,,
NG,Nigeria,State,23,Kogi,Kogi,,
NG,Nigeria,State,24,Kwara,Kwara,,
NG,Nigeria,State,25,Lagos,Lagos,,
NG,Nigeria,State,26,Nasarawa,Nasarawa,,
NG,Nigeria,State,27,Niger,Niger,,
NG,Nigeria,State,28,Ogun State,Ogun State,,
NG,Nigeria,State,29,Ondo,Ondo,,
NG,Nigeria,State,30,Osun,Osun,,
NG,Nigeria,State,31,Oyo,Oyo,,
NG,Nigeria,State,32,Plateau,Plateau,,
NG,Nigeria,State,33,Rivers,Rivers,,
NG,Nigeria,State,34,Sokoto,Sokoto,,
NG,Nigeria,State,35,Taraba,Taraba,,
NG,Nigeria,State,36,Yobe,Yobe,,
NG,Nigeria,State,37,Zamfara,Zamfara,,
NR,Nauru,District,1,Aiwo District,Aiwo District,,
NR,Nauru,District,2,Anabar District,Anabar District,,
NR,Nauru,District,3,Anetan District,Anetan District,,
NR,Nauru,District,4,Anibare District,Anibare District,,
NR,Nauru,District,5,Baiti District,Baiti District,,
NR,Nauru,District,6,Boe District,Boe District,,
NR,Nauru,District,7,Buada District,Buada District,,
NR,Nauru,District,8,Denigomodu District,Denigomodu District,,
NR,Nauru,District,9,Ewa District,Ewa District,,
NR,Nauru,District,10,Ijuw District,Ijuw District,,
NR,Nauru,District,11,Meneng District,Meneng District,,
NR,Nauru,District,12,Nibok District,Nibok District,,
NR,Nauru,District,13,Uaboe District,Uaboe District,,
NR,Nauru,District,14,Yaren District,Yaren District,,
PA,Panama,State / Province / Region,1,Bocas del Toro,Bocas del Toro,,
PA,Panama,State / Province / Region,2,Chiriquí,Chiriquí,,
PA,Panama,State / Province / Region,3,Coclé,Coclé,,
PA,Panama,State / Province / Region,4,Colón,Colón,,
PA,Panama,State / Province / Region,5,Darién,Darién,,
PA,Panama,State / Province / Region,6,Herrera,Herrera,,
PA,Panama,State / Province / Region,7,Los Santos,Los Santos,,
PA,Panama,State / Province / Region,8,Panamá,Panamá,,
PA,Panama,State / Province / Region,9,Veraguas,Veraguas,,
PA,Panama,State / Province / Region,10,Panamá Oeste,Panamá Oeste,,
PA,Panama,State / Province / Region,11,Emberá,Emberá,,
PA,Panama,State / Province / Region,12,Guna Yala,Guna Yala,,
PA,Panama,State / Province / Region,13,Ngäbe-Buglé,Ngäbe-Buglé,,
PE,Peru,State / Province / Region,1,Municipalidad Metropolitana de Lima,Municipalidad Metropolitana de Lima,,
PE,Peru,State / Province / Region,2,Amazonas,Amazonas,,
PE,Peru,State / Province / Region,3,Ancash,Ancash,,
PE,Peru,State / Province / Region,4,Apurímac,Apurímac,,
PE,Peru,State / Province / Region,5,Arequipa,Arequipa,,
PE,Peru,State / Province / Region,6,Ayacucho,Ayacucho,,
PE,Peru,State / Province / Region,7,Cajamarca,Cajamarca,,
PE,Peru,State / Province / Region,8,Cusco,Cusco,,
PE,Peru,State / Province / Region,9,El Callao,El Callao,,
PE,Peru,State / Province / Region,10,Huancavelica,Huancavelica,,
PE,Peru,State / Province / Region,11,Huánuco,Huánuco,,
PE,Peru,State / Province / Region,12,Ica,Ica,,
PE,Peru,State / Province / Region,13,Junín,Junín,,
PE,Peru,State / Province / Region,14,La Libertad,La Libertad,,
PE,Peru,State / Province / Region,15,Lambayeque,Lambayeque,,
PE,Peru,State / Province / Region,16,Lima,Lima,,
PE,Peru,State / Province / Region,17,Loreto,Loreto,,
PE,Peru,State / Province / Region,18,Madre de Dios,Madre de Dios,,
PE,Peru,State / Province / Region,19,Moquegua,Moquegua,,
PE,Peru,State / Province / Region,20,Pasco,Pasco,,
PE,Peru,State / Province / Region,21,Piura,Piura,,
PE,Peru,State / Province / Region,22,Puno,Puno,,
PE,Peru,State / Province / Region,23,San Martín,San Martín,,
PE,Peru,State / Province / Region,24,Tacna,Tacna,,
PE,Peru,State / Province / Region,25,Tumbes,Tumbes,,
PE,Peru,State / Province / Region,26,Ucayali,Ucayali,,
PF,French Polynesia,Island,1,Windward Islands,Windward Islands,,
PF,French Polynesia,Island,2,Austral Islands,Austral Islands,,
PF,French Polynesia,Island,3,Tuamotu-Gambier,Tuamotu-Gambier,,
PF,French Polynesia,Island,4,Leeward Islands,Leeward Islands,,
PF,French Polynesia,Island,5,Marquesas Islands,Marquesas Islands,,
PG,Papua New Guinea,State / Province / Region,1,National Capital District,National Capital District,,
PG,Papua New Guinea,State / Province / Region,2,Central,Central,,
PG,Papua New Guinea,State / Province / Region,3,Chimbu,Chimbu,,
PG,Papua New Guinea,State / Province / Region,4,Eastern Highlands,Eastern Highlands,,
PG,Papua New Guinea,State / Province / Region,5,East New Britain,East New Britain,,
PG,Papua New Guinea,State / Province / Region,6,East Sepik,East Sepik,,
PG,Papua New Guinea,State / Province / Region,7,Enga,Enga,,
PG,Papua New Guinea,State / Province / Region,8,Gulf,Gulf,,
PG,Papua New Guinea,State / Province / Region,9,Hela,Hela,,
PG,Papua New Guinea,State / Province / Region,10,Jiwaka,Jiwaka,,
PG,Papua New Guinea,State / Province / Region,11,Madang,Madang,,
PG,Papua New Guinea,State / Province / Region,12,Manus,Manus,,
PG,Papua New Guinea,State / Province / Region,13,Milne Bay,Milne Bay,,
PG,Papua New Guinea,State / Province / Region,14,Morobe,Morobe,,
PG,Papua New Guinea,State / Province / Region,15,New Ireland,New Ireland,,
PG,Papua New Guinea,State / Province / Region,16,Northern,Northern,,
PG,Papua New Guinea,State / Province / Region,17,West Sepik,West Sepik,,
PG,Papua New Guinea,State / Province / Region,18,Southern Highlands,Southern Highlands,,
PG,Papua New Guinea,State / Province / Region,19,Western,Western,,
PG,Papua New Guinea,State / Province / Region,20,Western Highlands,Western Highlands,,
PG,Papua New Guinea,State / Province / Region,21,West New Britain,West New Britain,,
PG,Papua New Guinea,State / Province / Region,22,Bougainville,Bougainville,,
PH,Philippines,State / Province / Region,1,Abra,Abra,,28[0-2]
PH,Philippines,State / Province / Region,2,Agusan del Norte,Agusan del Norte,,86[01]
PH,Philippines,State / Province / Region,3,Agusan del Sur,Agusan del Sur,,85[01]
PH,Philippines,State / Province / Region,4,Aklan,Aklan,,56[01]
PH,Philippines,State / Province / Region,5,Albay,Albay,,45[01]
PH,Philippines,State / Province / Region,6,Antique,Antique,,57[01]
PH,Philippines,State / Province / Region,7,Apayao,Apayao,,380[0-68]
PH,Philippines,State / Province / Region,8,Aurora,Aurora,,320
PH,Philippines,State / Province / Region,9,Basilan,Basilan,,730
PH,Philippines,State / Province / Region,10,Bataan,Bataan,,21[01]
PH,Philippines,State / Province / Region,11,Batanes,Batanes,,390
PH,Philippines,State / Province / Region,12,Batangas,Batangas,,42[0-3]
PH,Philippines,State / Province / Region,13,Benguet,Benguet,,26(0|1[0-5])
PH,Philippines,State / Province / Region,14,Biliran,Biliran,,65(4[3-9]|5)
PH,Philippines,State / Province / Region,15,Bohol,Bohol,,63[0-3]
PH,Philippines,State / Province / Region,16,Bukidnon,Bukidnon,,87[0-2]
PH,Philippines,State / Province / Region,17,Bulacan,Bulacan,,30[0-2]
PH,Philippines,State / Province / Region,18,Cagayan,Cagayan,,35[0-2]
PH,Philippines,State / Province / Region,19,Camarines Norte,Camarines Norte,,46[01]
PH,Philippines,State / Province / Region,20,Camarines Sur,Camarines Sur,,44[0-3]
PH,Philippines,State / Province / Region,21,Camiguin,Camiguin,,910
PH,Philippines,State / Province / Region,22,Capiz,Capiz,,58[01]
PH,Philippines,State / Province / Region,23,Catanduanes,Catanduanes,,48[01]
PH,Philippines,State / Province / Region,24,Cavite,Cavite,,41[0-2]
PH,Philippines,State / Province / Region,25,Cebu,Cebu,,60[0-5]
PH,Philippines,State / Province / Region,26,Compostela Valley,Compostela Valley,,88[01]
PH,Philippines,State / Province / Region,27,Cotabato,Cotabato,,94[01]
PH,Philippines,State / Province / Region,28,Davao del Norte,Davao del Norte,,81[0-2]
PH,Philippines,State / Province / Region,29,Davao del Sur,Davao del Sur,,80[01]
PH,Philippines,State / Province / Region,30,Davao Occidental,Davao Occidental,,801[1-5]
PH,Philippines,State / Province / Region,31,Davao Oriental,Davao Oriental,,82[01]
PH,Philippines,State / Province / Region,32,Dinagat Islands,Dinagat Islands,,84[12]
PH,Philippines,State / Province / Region,33,Eastern Samar,Eastern Samar,,68[0-2]
PH,Philippines,State / Province / Region,34,Guimaras,Guimaras,,504[4-6]
PH,Philippines,State / Province / Region,35,Ifugao,Ifugao,,36[01]
PH,Philippines,State / Province / Region,36,Ilocos Norte,Ilocos Norte,,29[0-2]
PH,Philippines,State / Province / Region,37,Ilocos Sur,Ilocos Sur,,27[0-3]
PH,Philippines,State / Province / Region,38,Iloilo,Iloilo,,50([0-3]|4[0-3])
PH,Philippines,State / Province / Region,39,Isabela,Isabela,,33[0-3]
PH,Philippines,State / Province / Region,40,Kalinga,Kalinga,,38(0[79]|1[0-4])
PH,Philippines,State / Province / Region,41,La Union,La Union,,25[0-2]
PH,Philippines,State / Province / Region,42,Laguna,Laguna,,40[0-3]
PH,Philippines,State / Province / Region,43,Lanao del Norte,Lanao del Norte,,92[0-2]
PH,Philippines,State / Province / Region,44,Lanao del Sur,Lanao del Sur,,9(3[0-2]|7[01])
PH,Philippines,State / Province / Region,45,Leyte,Leyte,,65([0-3]|4[0-2])
PH,Philippines,State / Province / Region,46,Maguindanao,Maguindanao,,96[01]
PH,Philippines,State / Province / Region,47,Marinduque,Marinduque,,490
PH,Philippines,State / Province / Region,48,Masbate,Masbate,,54[0-2]
PH,Philippines,State / Province / Region,49,Metro Manila,Metro Manila,,
PH,Philippines,State / Province / Region,50,Mindoro Occidental,Mindoro Occidental,,51[01]
PH,Philippines,State / Province / Region,51,Mindoro Oriental,Mindoro Oriental,,52[01]
PH,Philippines,State / Province / Region,52,Misamis Occidental,Misamis Occidental,,72[01]
PH,Philippines,State / Province / Region,53,Misamis Oriental,Misamis Oriental,,90[0-2]
PH,Philippines,State / Province / Region,54,Mountain Province,Mountain Province,,26(1[6-9]|2[0-5])
PH,Philippines,State / Province / Region,55,Negros Occidental,Negros Occidental,,61[0-3]
PH,Philippines,State / Province / Region,56,Negros Oriental,Negros Oriental,,62[0-2]
PH,Philippines,State / Province / Region,57,Northern Samar,Northern Samar,,64[0-2]
PH,Philippines,State / Province / Region,58,Nueva Ecija,Nueva Ecija,,31[0-3]
PH,Philippines,State / Province / Region,59,Nueva Vizcaya,Nueva Vizcaya,,37[01]
PH,Philippines,State / Province / Region,60,Palawan,Palawan,,53[0-2]
PH,Philippines,State / Province / Region,61,Pampanga,Pampanga,,20[0-2]
PH,Philippines,State / Province / Region,62,Pangasinan,Pangasinan,,24[0-4]
PH,Philippines,State / Province / Region,63,Quezon Province,Quezon Province,,43[0-4]
PH,Philippines,State / Province / Region,64,Quirino,Quirino,,340
PH,Philippines,State / Province / Region,65,Rizal,Rizal,,1[89]
PH,Philippines,State / Province / Region,66,Romblon,Romblon,,55[01]
PH,Philippines,State / Province / Region,67,Samar,Samar,,67[0-2]
PH,Philippines,State / Province / Region,68,Sarangani,Sarangani,,8015
PH,Philippines,State / Province / Region,69,Siquijor,Siquijor,,62(2[5-9]|30)
PH,Philippines,State / Province / Region,70,Sorsogon,Sorsogon,,47[01]
PH,Philippines,State / Province / Region,71,South Cotabato,South Cotabato,,95[01]
PH,Philippines,State / Province / Region,72,Southern Leyte,Southern Leyte,,66[10]
PH,Philippines,State / Province / Region,73,Sultan Kudarat,Sultan Kudarat,,98[01]
PH,Philippines,State / Province / Region,74,Sulu,Sulu,,74[01]
PH,Philippines,State / Province / Region,75,Surigao del Norte,Surigao del Norte,,84[0-2]
PH,Philippines,State / Province / Region,76,Surigao del Sur,Surigao del Sur,,83[01]
PH,Philippines,State / Province / Region,77,Tarlac,Tarlac,,23[01]
PH,Philippines,State / Province / Region,78,Tawi-Tawi,Tawi-Tawi,,750
PH,Philippines,State / Province / Region,79,Zambales,Zambales,,22[01]
PH,Philippines,State / Province / Region,80,Zamboanga del Norte,Zamboanga del Norte,,71[0-2]
PH,Philippines,State / Province / Region,81,Zamboanga del Sur,Zamboanga del Sur,,70[0-4]
PH,Philippines,State / Province / Region,82,Zamboanga Sibuguey,Zamboanga Sibuguey,,70[0-4]
SR,Suriname,State / Province / Region,1,Brokopondo,Brokopondo,,
SR,Suriname,State / Province / Region,2,Commewijne,Commewijne,,
SR,Suriname,State / Province / Region,3,Coronie,Coronie,,
SR,Suriname,State / Province / Region,4,Marowijne,Marowijne,,
SR,Suriname,State / Province / Region,5,Nickerie,Nickerie,,
SR,Suriname,State / Province / Region,6,Para,Para,,
SR,Suriname,State / Province / Region,7,Paramaribo,Paramaribo,,
SR,Suriname,State / Province / Region,8,Saramacca,Saramacca,,
SR,Suriname,State / Province / Region,9,Sipaliwini,Sipaliwini,,
SR,Suriname,State / Province / Region,10,Wanica,Wanica,,
SV,El Salvador,State / Province / Region,1,Ahuachapan,Ahuachapán,,CP 21
SV,El Salvador,State / Province / Region,2,Cabanas,Cabañas,,CP 12
SV,El Salvador,State / Province / Region,3,Calatenango,Chalatenango,,CP 13
SV,El Salvador,State / Province / Region,4,Cuscatlan,Cuscatlán,,CP 14
SV,El Salvador,State / Province / Region,5,La Libertad,La Libertad,,CP 15
SV,El Salvador,State / Province / Region,6,La Paz,La Paz,,CP 16
SV,El Salvador,State / Province / Region,7,La Union,La Unión,,CP 31
SV,El Salvador,State / Province / Region,8,Morazan,Morazán,,CP 32
SV,El Salvador,State / Province / Region,9,San Miguel,San Miguel,,CP 33
SV,El Salvador,State / Province / Region,10,San Salvador,San Salvador,,CP 11
SV,El Salvador,State / Province / Region,11,San Vicente,San Vicente,,CP 17
SV,El Salvador,State / Province / Region,12,Santa Ana,Santa Ana,,CP 22
SV,El Salvador,State / Province / Region,13,Sonsonate,Sonsonate,,CP 23
SV,El Salvador,State / Province / Region,14,Usulutan,Usulután,,CP 34
TH,Thailand,State / Province / Region,1,กระบี่,กระบี่ — Krabi,Krabi,81
TH,Thailand,State / Province / Region,2,กรุงเทพมหานคร,กรุงเทพมหานคร — Bangkok,Bangkok,10
TH,Thailand,State / Province / Region,3,กาญจนบุรี,กาญจนบุรี — Kanchanaburi,Kanchanaburi,71
TH,Thailand,State / Province / Region,4,กาฬสินธุ์,กาฬสินธุ์ — Kalasin,Kalasin,46
TH,Thailand,State / Province / Region,5,กำแพงเพชร,กำแพงเพชร — Kamphaeng Phet,Kamphaeng Phet,62
TH,Thailand,State / Province / Region,6,ขอนแก่น,ขอนแก่น — Khon Kaen,Khon Kaen,40
TH,Thailand,State / Province / Region,7,จังหวัด บึงกาฬ,จังหวัด บึงกาฬ — Bueng Kan,Bueng Kan,
TH,Thailand,State / Province / Region,8,จันทบุรี,จันทบุรี — Chanthaburi,Chanthaburi,22
TH,Thailand,State / Province / Region,9,ฉะเชิงเทรา,ฉะเชิงเทรา — Chachoengsao,Chachoengsao,24
TH,Thailand,State / Province / Region,10,ชลบุรี,ชลบุรี — Chon Buri,Chon Buri,20
TH,Thailand,State / Province / Region,11,ชัยนาท,ชัยนาท — Chai Nat,Chai Nat,17
TH,Thailand,State / Province / Region,12,ชัยภูมิ,ชัยภูมิ — Chaiyaphum,Chaiyaphum,36
TH,Thailand,State / Province / Region,13,ชุมพร,ชุมพร — Chumpon,Chumpon,86
TH,Thailand,State / Province / Region,14,เชียงราย,เชียงราย — Chiang Rai,Chiang Rai,57
TH,Thailand,State / Province / Region,15,เชียงใหม่,เชียงใหม่ — Chiang Mai,Chiang Mai,50
TH,Thailand,State / Province / Region,16,ตรัง,ตรัง — Trang,Trang,92
TH,Thailand,State / Province / Region,17,ตราด,ตราด — Trat,Trat,23
TH,Thailand,State / Province / Region,18,ตาก,ตาก — Tak,Tak,63
TH,Thailand,State / Province / Region,19,นครนายก,นครนายก — Nakhon Nayok,Nakhon Nayok,26
TH,Thailand,State / Province / Region,20,นครปฐม,นครปฐม — Nakhon Pathom,Nakhon Pathom,73
TH,Thailand,State / Province / Region,21,นครพนม,นครพนม — Nakhon Phanom,Nakhon Phanom,48
TH,Thailand,State / Province / Region,22,นครราชสีมา,นครราชสีมา — Nakhon Ratchasima,Nakhon Ratchasima,30
TH,Thailand,State / Province / Region,23,นครศรีธรรมราช,นครศรีธรรมราช — Nakhon Si Thammarat,Nakhon Si Thammarat,80
TH,Thailand,State / Province / Region,24,นครสวรรค์,นครสวรรค์ — Nakhon Sawan,Nakhon Sawan,60
TH,Thailand,State / Province / Region,25,นนทบุรี,นนทบุรี — Nonthaburi,Nonthaburi,11
TH,Thailand,State / Province / Region,26,นราธิวาส,นราธิวาส — Narathiwat,Narathiwat,96
TH,Thailand,State / Province / Region,27,น่าน,น่าน — Nan,Nan,55
TH,Thailand,State / Province / Region,28,บุรีรัมย์,บุรีรัมย์ — Buri Ram,Buri Ram,31
TH,Thailand,State / Province / Region,29,ปทุมธานี,ปทุมธานี — Pathum Thani,Pathum Thani,12
TH,Thailand,State / Province / Region,30,ประจวบคีรีขันธ์,ประจวบคีรีขันธ์ — Prachuap Khiri Khan,Prachuap Khiri Khan,77
TH,Thailand,State / Province / Region,31,ปราจีนบุรี,ปราจีนบุรี — Prachin Buri,Prachin Buri,25
TH,Thailand,State / Province / Region,32,ปัตตานี,ปัตตานี — Pattani,Pattani,94
TH,Thailand,State / Province / Region,33,พระนครศรีอยุธยา,พระนครศรีอยุธยา — Phra Nakhon Si Ayutthaya,Phra Nakhon Si Ayutthaya,13
TH,Thailand,State / Province / Region,34,พะเยา,พะเยา — Phayao,Phayao,56
TH,Thailand,State / Province / Region,35,พังงา,พังงา — Phang Nga,Phang Nga,82
TH,Thailand,State / Province / Region,36,พัทลุง,พัทลุง — Phattalung,Phattalung,93
TH,Thailand,State / Province / Region,37,พิจิตร,พิจิตร — Phichit,Phichit,66
TH,Thailand,State / Province / Region,38,พิษณุโลก,พิษณุโลก — Phitsanulok,Phitsanulok,65
TH,Thailand,State / Province / Region,39,เพชรบุรี,เพชรบุรี — Phetchaburi,Phetchaburi,76
TH,Thailand,State / Province / Region,40,เพชรบูรณ์,เพชรบูรณ์ — Phetchabun,Phetchabun,67
TH,Thailand,State / Province / Region,41,แพร่,แพร่ — Phrae,Phrae,54
TH,Thailand,State / Province / Region,42,ภูเก็ต,ภูเก็ต — Phuket,Phuket,83
TH,Thailand,State / Province / Region,43,มหาสารคาม,มหาสารคาม — Maha Sarakham,Maha Sarakham,44
TH,Thailand,State / Province / Region,44,มุกดาหาร,มุกดาหาร — Mukdahan,Mukdahan,49
TH,Thailand,State / Province / Region,45,แม่ฮ่องสอน,แม่ฮ่องสอน — Mae Hong Son,Mae Hong Son,58
TH,Thailand,State / Province / Region,46,ยโสธร,ยโสธร — Yasothon,Yasothon,35
TH,Thailand,State / Province / Region,47,ยะลา,ยะลา — Yala,Yala,95
TH,Thailand,State / Province / Region,48,ร้อยเอ็ด,ร้อยเอ็ด — Roi Et,Roi Et,45
TH,Thailand,State / Province / Region,49,ระนอง,ระนอง — Ranong,Ranong,85
TH,Thailand,State / Province / Region,50,ระยอง,ระยอง — Rayong,Rayong,21
TH,Thailand,State / Province / Region,51,ราชบุรี,ราชบุรี — Ratchaburi,Ratchaburi,70
TH,Thailand,State / Province / Region,52,ลพบุรี,ลพบุรี — Lop Buri,Lop Buri,15
TH,Thailand,State / Province / Region,53,ลำปาง,ลำปาง — Lampang,Lampang,52
TH,Thailand,State / Province / Region,54,ลำพูน,ลำพูน — Lamphun,Lamphun,51
TH,Thailand,State / Province / Region,55,เลย,เลย — Loei,Loei,42
TH,Thailand,State / Province / Region,56,ศรีสะเกษ,ศรีสะเกษ — Si Sa Ket,Si Sa Ket,33
TH,Thailand,State / Province / Region,57,สกลนคร,สกลนคร — Sakon Nakhon,Sakon Nakhon,47
TH,Thailand,State / Province / Region,58,สงขลา,สงขลา — Songkhla,Songkhla,90
TH,Thailand,State / Province / Region,59,สตูล,สตูล — Satun,Satun,91
TH,Thailand,State / Province / Region,60,สมุทรปราการ,สมุทรปราการ — Samut Prakan,Samut Prakan,10
TH,Thailand,State / Province / Region,61,สมุทรสงคราม,สมุทรสงคราม — Samut Songkhram,Samut Songkhram,75
TH,Thailand,State / Province / Region,62,สมุทรสาคร,สมุทรสาคร — Samut Sakhon,Samut Sakhon,74
TH,Thailand,State / Province / Region,63,สระแก้ว,สระแก้ว — Sa Kaeo,Sa Kaeo,27
TH,Thailand,State / Province / Region,64,สระบุรี,สระบุรี — Saraburi,Saraburi,18
TH,Thailand,State / Province / Region,65,สิงห์บุรี,สิงห์บุรี — Sing Buri,Sing Buri,16
TH,Thailand,State / Province / Region,66,สุโขทัย,สุโขทัย — Sukhothai,Sukhothai,64
TH,Thailand,State / Province / Region,67,สุพรรณบุรี,สุพรรณบุรี — Suphanburi,Suphanburi,72
TH,Thailand,State / Province / Region,68,สุราษฎร์ธานี,สุราษฎร์ธานี — Surat Thani,Surat Thani,84
TH,Thailand,State / Province / Region,69,สุรินทร์,สุรินทร์ — Surin,Surin,32
TH,Thailand,State / Province / Region,70,หนองคาย,หนองคาย — Nong Khai,Nong Khai,43
TH,Thailand,State / Province / Region,71,หนองบัวลำภู,หนองบัวลำภู — Nong Bua Lam Phu,Nong Bua Lam Phu,39
TH,Thailand,State / Province / Region,72,อ่างทอง,อ่างทอง — Ang Thong,Ang Thong,14
TH,Thailand,State / Province / Region,73,อำนาจเจริญ,อำนาจเจริญ — Amnat Charoen,Amnat Charoen,37
TH,Thailand,State / Province / Region,74,อุดรธานี,อุดรธานี — Udon Thani,Udon Thani,41
TH,Thailand,State / Province / Region,75,อุตรดิตถ์,อุตรดิตถ์ — Uttaradit,Uttaradit,53
TH,Thailand,State / Province / Region,76,อุทัยธานี,อุทัยธานี — Uthai Thani,Uthai Thani,61
TH,Thailand,State / Province / Region,77,อุบลราชธานี,อุบลราชธานี — Ubon Ratchathani,Ubon Ratchathani,34
TR,Türkiye,State / Province / Region,1,Adana,Adana,,01
TR,Türkiye,State / Province / Region,2,Adıyaman,Adıyaman,,02
TR,Türkiye,State / Province / Region,3,Afyon,Afyon,,03
TR,Türkiye,State / Province / Region,4,Ağrı,Ağrı,,04
TR,Türkiye,State / Province / Region,5,Aksaray,Aksaray,,68
TR,Türkiye,State / Province / Region,6,Amasya,Amasya,,05
TR,Türkiye,State / Province / Region,7,Ankara,Ankara,,06
TR,Türkiye,State / Province / Region,8,Antalya,Antalya,,07
TR,Türkiye,State / Province / Region,9,Ardahan,Ardahan,,75
TR,Türkiye,State / Province / Region,10,Artvin,Artvin,,08
TR,Türkiye,State / Province / Region,11,Aydın,Aydın,,09
TR,Türkiye,State / Province / Region,12,Balıkesir,Balıkesir,,10
TR,Türkiye,State / Province / Region,13,Bartın,Bartın,,74
TR,Türkiye,State / Province / Region,14,Batman,Batman,,72
TR,Türkiye,State / Province / Region,15,Bayburt,Bayburt,,69
TR,Türkiye,State / Province / Region,16,Bilecik,Bilecik,,11
TR,Türkiye,State / Province / Region,17,Bingöl,Bingöl,,12
TR,Türkiye,State / Province / Region,18,Bitlis,Bitlis,,13
TR,Türkiye,State / Province / Region,19,Bolu,Bolu,,14
TR,Türkiye,State / Province / Region,20,Burdur,Burdur,,15
TR,Türkiye,State / Province / Region,21,Bursa,Bursa,,16
TR,Türkiye,State / Province / Region,22,Çanakkale,Çanakkale,,17
TR,Türkiye,State / Province / Region,23,Çankırı,Çankırı,,18
TR,Türkiye,State / Province / Region,24,Çorum,Çorum,,19
TR,Türkiye,State / Province / Region,25,Denizli,Denizli,,20
TR,Türkiye,State / Province / Region,26,Diyarbakır,Diyarbakır,,21
TR,Türkiye,State / Province / Region,27,Düzce,Düzce,,81
TR,Türkiye,State / Province / Region,28,Edirne,Edirne,,22
TR,Türkiye,State / Province / Region,29,Elazığ,Elazığ,,23
TR,Türkiye,State / Province / Region,30,Erzincan,Erzincan,,24
TR,Türkiye,State / Province / Region,31,Erzurum,Erzurum,,25
TR,Türkiye,State / Province / Region,32,Eskişehir,Eskişehir,,26
TR,Türkiye,State / Province / Region,33,Gaziantep,Gaziantep,,27
TR,Türkiye,State / Province / Region,34,Giresun,Giresun,,28
TR,Türkiye,State / Province / Region,35,Gümüşhane,Gümüşhane,,29
TR,Türkiye,State / Province / Region,36,Hakkari,Hakkari,,30
TR,Türkiye,State / Province / Region,37,Hatay,Hatay,,31
TR,Türkiye,State / Province / Region,38,Iğdır,Iğdır,,76
TR,Türkiye,State / Province / Region,39,Isparta,Isparta,,32
TR,Türkiye,State / Province / Region,40,İstanbul,İstanbul,,34
TR,Türkiye,State / Province / Region,41,İzmir,İzmir,,35
TR,Türkiye,State / Province / Region,42,Kahramanmaraş,Kahramanmaraş,,46
TR,Türkiye,State / Province / Region,43,Karabük,Karabük,,78
TR,Türkiye,State / Province / Region,44,Karaman,Karaman,,70
TR,Türkiye,State / Province / Region,45,Kars,Kars,,36
TR,Türkiye,State / Province / Region,46,Kastamonu,Kastamonu,,37
TR,Türkiye,State / Province / Region,47,Kayseri,Kayseri,,38
TR,Türkiye,State / Province / Region,48,Kırıkkale,Kırıkkale,,71
TR,Türkiye,State / Province / Region,49,Kırklareli,Kırklareli,,39
TR,Türkiye,State / Province / Region,50,Kırşehir,Kırşehir,,40
TR,Türkiye,State / Province / Region,51,Kilis,Kilis,,79
TR,Türkiye,State / Province / Region,52,Kocaeli,Kocaeli,,41
TR,Türkiye,State / Province / Region,53,Konya,Konya,,42
TR,Türkiye,State / Province / Region,54,Kütahya,Kütahya,,43
TR,Türkiye,State / Province / Region,55,Malatya,Malatya,,44
TR,Türkiye,State / Province / Region,56,Manisa,Manisa,,45
TR,Türkiye,State / Province / Region,57,Mardin,Mardin,,47
TR,Türkiye,State / Province / Region,58,Mersin,Mersin,,33
TR,Türkiye,State / Province / Region,59,Muğla,Muğla,,48
TR,Türkiye,State / Province / Region,60,Muş,Muş,,49
TR,Türkiye,State / Province / Region,61,Nevşehir,Nevşehir,,50
TR,Türkiye,State / Province / Region,62,Niğde,Niğde,,51
TR,Türkiye,State / Province / Region,63,Ordu,Ordu,,52
TR,Türkiye,State / Province / Region,64,Osmaniye,Osmaniye,,80
TR,Türkiye,State / Province / Region,65,Rize,Rize,,53
TR,Türkiye,State / Province / Region,66,Sakarya,Sakarya,,54
TR,Türkiye,State / Province / Region,67,Samsun,Samsun,,55
TR,Türkiye,State / Province / Region,68,Siirt,Siirt,,56
TR,Türkiye,State / Province / Region,69,Sinop,Sinop,,57
TR,Türkiye,State / Province / Region,70,Sivas,Sivas,,58
TR,Türkiye,State / Province / Region,71,Şanlıurfa,Şanlıurfa,,63
TR,Türkiye,State / Province / Region,72,Şırnak,Şırnak,,73
TR,Türkiye,State / Province / Region,73,Tekirdağ,Tekirdağ,,59
TR,Türkiye,State / Province / Region,74,Tokat,Tokat,,60
TR,Türkiye,State / Province / Region,75,Trabzon,Trabzon,,61
TR,Türkiye,State / Province / Region,76,Tunceli,Tunceli,,62
TR,Türkiye,State / Province / Region,77,Uşak,Uşak,,64
TR,Türkiye,State / Province / Region,78,Van,Van,,65
TR,Türkiye,State / Province / Region,79,Yalova,Yalova,,77
TR,Türkiye,State / Province / Region,80,Yozgat,Yozgat,,66
TR,Türkiye,State / Province / Region,81,Zonguldak,Zonguldak,,67
TV,Tuvalu,Island,1,Funafuti,Funafuti,,
TV,Tuvalu,Island,2,Nanumanga,Nanumanga,,
TV,Tuvalu,Island,3,Nanumea,Nanumea,,
TV,Tuvalu,Island,4,Niulakita,Niulakita,,
TV,Tuvalu,Island,5,Niutao,Niutao,,
TV,Tuvalu,Island,6,Nui,Nui,,
TV,Tuvalu,Island,7,Nukufetau,Nukufetau,,
TV,Tuvalu,Island,8,Nukulaelae,Nukulaelae,,
TV,Tuvalu,Island,9,Vaitupu,Vaitupu,,
TW,Taiwan,County,1,台中市,台中市 — Taichung City,Taichung City,4[0-3]
TW,Taiwan,County,2,台北市,台北市 — Taipei City,Taipei City,1[01]
TW,Taiwan,County,3,台東縣,台東縣 — Taitung County,Taitung County,9[56]
TW,Taiwan,County,4,台南市,台南市 — Tainan City,Tainan City,7[0-4]
TW,Taiwan,County,5,宜蘭縣,宜蘭縣 — Yilan County,Yilan County,2[67]
TW,Taiwan,County,6,花蓮縣,花蓮縣 — Hualien County,Hualien County,9[78]
TW,Taiwan,County,7,金門縣,金門縣 — Kinmen County,Kinmen County,89
TW,Taiwan,County,8,南投縣,南投縣 — Nantou County,Nantou County,5[45]
TW,Taiwan,County,9,屏東縣,屏東縣 — Pingtung County,Pingtung County,9[0-4]
TW,Taiwan,County,10,苗栗縣,苗栗縣 — Miaoli County,Miaoli County,3[56]
TW,Taiwan,County,11,桃園市,桃園市 — Taoyuan City,Taoyuan City,3[23]
TW,Taiwan,County,12,高雄市,高雄市 — Kaohsiung City,Kaohsiung City,8[02-5]|81[1-579]
TW,Taiwan,County,13,基隆市,基隆市 — Keelung City,Keelung City,20[0-6]
TW,Taiwan,County,14,連江縣,連江縣 — Lienchiang County,Lienchiang County,209|21[012]
TW,Taiwan,County,15,雲林縣,雲林縣 — Yunlin County,Yunlin County,6[3-5]
TW,Taiwan,County,16,新北市,新北市 — New Taipei City,New Taipei City,20[78]|2[2345]
TW,Taiwan,County,17,新竹市,新竹市 — Hsinchu City,Hsinchu City,300
TW,Taiwan,County,18,新竹縣,新竹縣 — Hsinchu County,Hsinchu County,30[2-8]|31
TW,Taiwan,County,19,嘉義市,嘉義市 — Chiayi City,Chiayi City,600
TW,Taiwan,County,20,嘉義縣,嘉義縣 — Chiayi County,Chiayi County,60[1-9]|6[12]
TW,Taiwan,County,21,彰化縣,彰化縣 — Changhua County,Changhua County,5[0123]
TW,Taiwan,County,22,澎湖縣,澎湖縣 — Penghu County,Penghu County,88
UA,Ukraine,Oblast,1,Вінницька область,Вінницька область — Vinnyts'ka oblast,Vinnyts'ka oblast,9[5-8]
UA,Ukraine,Oblast,2,Волинська область,Волинська область — Volyns'ka oblast,Volyns'ka oblast,2[1-4]
UA,Ukraine,Oblast,3,Дніпропетровська область,Дніпропетровська область — Dnipropetrovsk oblast,Dnipropetrovsk oblast,4[3-5]
UA,Ukraine,Oblast,4,Житомирська область,Житомирська область — Zhytomyrs'ka oblast,Zhytomyrs'ka oblast,49|5[0-3]
UA,Ukraine,Oblast,5,Закарпатська область,Закарпатська область — Zakarpats'ka oblast,Zakarpats'ka oblast,8[3-7]
UA,Ukraine,Oblast,6,Запорізька область,Запорізька область — Zaporiz'ka oblast,Zaporiz'ka oblast,1[0-3]
UA,Ukraine,Oblast,7,Івано-Франківська область,Івано-Франківська область — Ivano-Frankivs'ka oblast,Ivano-Frankivs'ka oblast,8[89]|90
UA,Ukraine,Oblast,8,місто Київ,Київ — Kyiv city,Kyiv city,69|7[0-2]
UA,Ukraine,Oblast,9,Київська область,Київська область — Kiev oblast,Kiev oblast,7[6-8]
UA,Ukraine,Oblast,10,Кіровоградська область,Кіровоградська область — Kirovohrads'ka oblast,Kirovohrads'ka oblast,0[1-6]
UA,Ukraine,Oblast,11,Львівська область,Львівська область — Lviv oblast,Lviv oblast,0[7-9]
UA,Ukraine,Oblast,12,Миколаївська область,Миколаївська область — Mykolaivs'ka oblast,Mykolaivs'ka oblast,2[5-8]
UA,Ukraine,Oblast,13,Одеська область,Одеська область — Odessa oblast,Odessa oblast,9[1-4]
UA,Ukraine,Oblast,14,Полтавська область,Полтавська область — Poltavs'ka oblast,Poltavs'ka oblast,79|8[0-2]
UA,Ukraine,Oblast,15,Рівненська область,Рівненська область — Rivnens'ka oblast,Rivnens'ka oblast,5[4-7]
UA,Ukraine,Oblast,16,Сумська область,Сумська область — Sums'ka oblast,Sums'ka oblast,6[5-8]
UA,Ukraine,Oblast,17,Тернопільська область,Тернопільська область — Ternopil's'ka oblast,Ternopil's'ka oblast,3[6-9]
UA,Ukraine,Oblast,18,Харківська область,Харківська область — Kharkiv oblast,Kharkiv oblast,3[3-5]
UA,Ukraine,Oblast,19,Херсонська область,Херсонська область — Khersons'ka oblast,Khersons'ka oblast,99
UA,Ukraine,Oblast,20,Хмельницька область,Хмельницька область — Khmel'nyts'ka oblast,Khmel'nyts'ka oblast,4[0-2]
UA,Ukraine,Oblast,21,Черкаська область,Черкаська область — Cherkas'ka oblast,Cherkas'ka oblast,4[6-8]
UA,Ukraine,Oblast,22,Чернівецька область,Чернівецька область — Chernivets'ka oblast,Chernivets'ka oblast,6[1-4]
UA,Ukraine,Oblast,23,Чернігівська область,Чернігівська область — Chernihivs'ka oblast,Chernihivs'ka oblast,7[3-5]
US,United States,State,1,AL,Alabama,,3[56]
US,United States,State,2,AK,Alaska,,99[5-9]
US,United States,State,3,AS,American Samoa,,96799
US,United States,State,4,AZ,Arizona,,8[56]
US,United States,State,5,AR,Arkansas,,71[6-9]|72
US,United States,State,6,AA,Armed Forces (AA),,340
US,United States,State,7,AE,Armed Forces (AE),,09
US,United States,State,8,AP,Armed Forces (AP),,96[2-6]
US,United States,State,9,CA,California,,9[0-5]|96[01]
US,United States,State,10,CO,Colorado,,8[01]
US,United States,State,11,CT,Connecticut,,06
US,United States,State,12,DE,Delaware,,19[7-9]
US,United States,State,13,DC,District of Columbia,,20[02-5]|569
US,United States,State,14,FL,Florida,,3[23]|34[1-9]
US,United States,State,15,GA,Georgia,,3[01]|398|39901
US,United States,State,16,GU,Guam,,969([1-2]\d|3[12])
US,United States,State,17,HI,Hawaii,,967[0-8]|9679[0-8]|968
US,United States,State,18,ID,Idaho,,83[2-9]
US,United States,State,19,IL,Illinois,,6[0-2]
US,United States,State,20,IN,Indiana,,4[67]
US,United States,State,21,IA,Iowa,,5[0-2]
US,United States,State,22,KS,Kansas,,6[67]
US,United States,State,23,KY,Kentucky,,4[01]|42[0-7]
US,United States,State,24,LA,Louisiana,,70|71[0-5]
US,United States,State,25,ME,Maine,,039|04
US,United States,State,26,MH,Marshall Islands,,969[67]
US,United States,State,27,MD,Maryland,,20[6-9]|21
US,United States,State,28,MA,Massachusetts,,01|02[0-7]|05501|05544
US,United States,State,29,MI,Michigan,,4[89]
US,United States,State,30,FM,Micronesia,,9694[1-4]
US,United States,State,31,MN,Minnesota,,55|56[0-7]
US,United States,State,32,MS,Mississippi,,38[6-9]|39[0-7]
US,United States,State,33,MO,Missouri,,6[3-5]
US,United States,State,34,MT,Montana,,59
US,United States,State,35,NE,Nebraska,,6[89]
US,United States,State,36,NV,Nevada,,889|89
US,United States,State,37,NH,New Hampshire,,03[0-8]
US,United States,State,38,NJ,New Jersey,,0[78]
US,United States,State,39,NM,New Mexico,,87|88[0-4]
US,United States,State,40,NY,New York,,1[0-4]|06390|00501|00544
US,United States,State,41,NC,North Carolina,,2[78]
US,United States,State,42,ND,North Dakota,,58
US,United States,State,43,MP,Northern Mariana Islands,,9695[0-2]
US,United States,State,44,OH,Ohio,,4[3-5]
US,United States,State,45,OK,Oklahoma,,7[34]
US,United States,State,46,OR,Oregon,,97
US,United States,State,47,PW,Palau,,969(39|40)
US,United States,State,48,PA,Pennsylvania,,1[5-8]|19[0-6]
US,United States,State,49,PR,Puerto Rico,,00[679]
US,United States,State,50,RI,Rhode Island,,02[89]
US,United States,State,51,SC,South Carolina,,29
US,United States,State,52,SD,South Dakota,,57
US,United States,State,53,TN,Tennessee,,37|38[0-5]
US,United States,State,54,TX,Texas,,7[5-9]|885|73301|73344
US,United States,State,55,UT,Utah,,84
US,United States,State,56,VT,Vermont,,05
US,United States,State,57,VI,Virgin Islands,,008
US,United States,State,58,VA,Virginia,,201|2[23]|24[0-6]
US,United States,State,59,WA,Washington,,98|99[0-4]
US,United States,State,60,WV,West Virginia,,24[7-9]|2[56]
US,United States,State,61,WI,Wisconsin,,5[34]
US,United States,State,62,WY,Wyoming,,82|83[01]|83414
UY,Uruguay,State / Province / Region,1,Artigas,Artigas,,55
UY,Uruguay,State / Province / Region,2,Canelones,Canelones,,9[01]|1[456]
UY,Uruguay,State / Province / Region,3,Cerro Largo,Cerro Largo,,37
UY,Uruguay,State / Province / Region,4,Colonia,Colonia,,70|75204
UY,Uruguay,State / Province / Region,5,Durazno,Durazno,,97
UY,Uruguay,State / Province / Region,6,Flores,Flores,,85
UY,Uruguay,State / Province / Region,7,Florida,Florida,,94|9060|97005
UY,Uruguay,State / Province / Region,8,Lavalleja,Lavalleja,,30
UY,Uruguay,State / Province / Region,9,Maldonado,Maldonado,,20
UY,Uruguay,State / Province / Region,10,Montevideo,Montevideo,,1|91600
UY,Uruguay,State / Province / Region,11,Paysandú,Paysandú,,60
UY,Uruguay,State / Province / Region,12,Río Negro,Río Negro,,65|60002
UY,Uruguay,State / Province / Region,13,Rivera,Rivera,,40
UY,Uruguay,State / Province / Region,14,Rocha,Rocha,,27
UY,Uruguay,State / Province / Region,15,Salto,Salto,,50
UY,Uruguay,State / Province / Region,16,San José,San José,,80
UY,Uruguay,State / Province / Region,17,Soriano,Soriano,,75|70003
UY,Uruguay,State / Province / Region,18,Tacuarembó,Tacuarembó,,45
UY,Uruguay,State / Province / Region,19,Treinta y Tres,Treinta y Tres,,33|30203|30204|30302|37007
UZ,Uzbekistan,State / Province / Region,1,Tashkent,Tashkent,,
UZ,Uzbekistan,State / Province / Region,2,Andijan Region,Andijan Region,,
UZ,Uzbekistan,State / Province / Region,3,Bukhara Region,Bukhara Region,,
UZ,Uzbekistan,State / Province / Region,4,Fergana Region,Fergana Region,,
UZ,Uzbekistan,State / Province / Region,5,Jizzakh Region,Jizzakh Region,,
UZ,Uzbekistan,State / Province / Region,6,Namangan Region,Namangan Region,,
UZ,Uzbekistan,State / Province / Region,7,Navoiy Region,Navoiy Region,,
UZ,Uzbekistan,State / Province / Region,8,Qashqadaryo Region,Qashqadaryo Region,,
UZ,Uzbekistan,State / Province / Region,9,Samarqand Region,Samarqand Region,,
UZ,Uzbekistan,State / Province / Region,10,Sirdaryo Region,Sirdaryo Region,,
UZ,Uzbekistan,State / Province / Region,11,Surxondaryo Region,Surxondaryo Region,,
UZ,Uzbekistan,State / Province / Region,12,Tashkent Region,Tashkent Region,,
UZ,Uzbekistan,State / Province / Region,13,Xorazm Region,Xorazm Region,,
UZ,Uzbekistan,State / Province / Region,14,Karakalpakstan,Karakalpakstan,,
VN,Vietnam,State / Province / Region,1,An Giang,An Giang — An Giang Province,An Giang Province,
VN,Vietnam,State / Province / Region,2,Bà Rịa–Vũng Tàu,Bà Rịa–Vũng Tàu — Ba Ria-Vung Tau Province,Ba Ria-Vung Tau Province,
VN,Vietnam,State / Province / Region,3,Bạc Liêu,Bạc Liêu — Bac Lieu Province,Bac Lieu Province,
VN,Vietnam,State / Province / Region,4,Bắc Giang,Bắc Giang — Bac Giang Province,Bac Giang Province,
VN,Vietnam,State / Province / Region,5,Bắc Kạn,Bắc Kạn — Bac Kan Province,Bac Kan Province,
VN,Vietnam,State / Province / Region,6,Bắc Ninh,Bắc Ninh — Bac Ninh Province,Bac Ninh Province,
VN,Vietnam,State / Province / Region,7,Bến Tre,Bến Tre — Ben Tre Province,Ben Tre Province,
VN,Vietnam,State / Province / Region,8,Bình Dương,Bình Dương — Binh Duong Province,Binh Duong Province,
VN,Vietnam,State / Province / Region,9,Bình Định,Bình Định — Binh Dinh Province,Binh Dinh Province,
VN,Vietnam,State / Province / Region,10,Bình Phước,Bình Phước — Binh Phuoc Province,Binh Phuoc Province,
VN,Vietnam,State / Province / Region,11,Bình Thuận,Bình Thuận — Binh Thuan Province,Binh Thuan Province,
VN,Vietnam,State / Province / Region,12,Cà Mau,Cà Mau — Ca Mau Province,Ca Mau Province,
VN,Vietnam,State / Province / Region,13,Cao Bằng,Cao Bằng — Cao Bang Province,Cao Bang Province,
VN,Vietnam,State / Province / Region,14,Cần Thơ,Cần Thơ — Can Tho City,Can Tho City,
VN,Vietnam,State / Province / Region,15,Đà Nẵng,Đà Nẵng — Da Nang City,Da Nang City,
VN,Vietnam,State / Province / Region,16,Đắk Lắk,Đắk Lắk — Dak Lak Province,Dak Lak Province,
VN,Vietnam,State / Province / Region,17,Đăk Nông,Đăk Nông — Dak Nong Province,Dak Nong Province,
VN,Vietnam,State / Province / Region,18,Điện Biên,Điện Biên — Dien Bien Province,Dien Bien Province,
VN,Vietnam,State / Province / Region,19,Đồng Nai,Đồng Nai — Dong Nai Province,Dong Nai Province,
VN,Vietnam,State / Province / Region,20,Đồng Tháp,Đồng Tháp — Dong Thap Province,Dong Thap Province,
VN,Vietnam,State / Province / Region,21,Gia Lai,Gia Lai — Gia Lai Province,Gia Lai Province,
VN,Vietnam,State / Province / Region,22,Hà Giang,Hà Giang — Ha Giang Province,Ha Giang Province,
VN,Vietnam,State / Province / Region,23,Hà Nam,Hà Nam — Ha Nam Province,Ha Nam Province,
VN,Vietnam,State / Province / Region,24,Hà Nội,Hà Nội — Hanoi City,Hanoi City,
VN,Vietnam,State / Province / Region,25,Hà Tĩnh,Hà Tĩnh — Ha Tinh Province,Ha Tinh Province,
VN,Vietnam,State / Province / Region,26,Hải Dương,Hải Dương — Hai Duong Province,Hai Duong Province,
VN,Vietnam,State / Province / Region,27,Hải Phòng,Hải Phòng — Haiphong City,Haiphong City,
VN,Vietnam,State / Province / Region,28,Hậu Giang,Hậu Giang — Hau Giang Province,Hau Giang Province,
VN,Vietnam,State / Province / Region,29,Hòa Bình,Hòa Bình — Hoa Binh Province,Hoa Binh Province,
VN,Vietnam,State / Province / Region,30,Hưng Yên,Hưng Yên — Hung Yen Province,Hung Yen Province,
VN,Vietnam,State / Province / Region,31,Khánh Hòa,Khánh Hòa — Khanh Hoa Province,Khanh Hoa Province,
VN,Vietnam,State / Province / Region,32,Kiên Giang,Kiên Giang — Kien Giang Province,Kien Giang Province,
VN,Vietnam,State / Province / Region,33,Kon Tum,Kon Tum — Kon Tum Province,Kon Tum Province,
VN,Vietnam,State / Province / Region,34,Lai Châu,Lai Châu — Lai Chau Province,Lai Chau Province,
VN,Vietnam,State / Province / Region,35,Lạng Sơn,Lạng Sơn — Lang Song Province,Lang Song Province,
VN,Vietnam,State / Province / Region,36,Lào Cai,Lào Cai — Lao Cai Province,Lao Cai Province,
VN,Vietnam,State / Province / Region,37,Lâm Đồng,Lâm Đồng — Lam Dong Province,Lam Dong Province,
VN,Vietnam,State / Province / Region,38,Long An,Long An — Long An Province,Long An Province,
VN,Vietnam,State / Province / Region,39,Nam Định,Nam Định — Nam Dinh Province,Nam Dinh Province,
VN,Vietnam,State / Province / Region,40,Nghệ An,Nghệ An — Nghe An Province,Nghe An Province,
VN,Vietnam,State / Province / Region,41,Ninh Bình,Ninh Bình — Ninh Binh Province,Ninh Binh Province,
VN,Vietnam,State / Province / Region,42,Ninh Thuận,Ninh Thuận — Ninh Thuan Province,Ninh Thuan Province,
VN,Vietnam,State / Province / Region,43,Phú Thọ,Phú Thọ — Phu Tho Province,Phu Tho Province,
VN,Vietnam,State / Province / Region,44,Phú Yên,Phú Yên — Phu Yen Province,Phu Yen Province,
VN,Vietnam,State / Province / Region,45,Quảng Bình,Quảng Bình — Quang Binh Province,Quang Binh Province,
VN,Vietnam,State / Province / Region,46,Quảng Nam,Quảng Nam — Quang Nam Province,Quang Nam Province,
VN,Vietnam,State / Province / Region,47,Quảng Ngãi,Quảng Ngãi — Quang Ngai Province,Quang Ngai Province,
VN,Vietnam,State / Province / Region,48,Quảng Ninh,Quảng Ninh — Quang Ninh Province,Quang Ninh Province,
VN,Vietnam,State / Province / Region,49,Quảng Trị,Quảng Trị — Quang Tri Province,Quang Tri Province,
VN,Vietnam,State / Province / Region,50,Sóc Trăng,Sóc Trăng — Soc Trang Province,Soc Trang Province,
VN,Vietnam,State / Province / Region,51,Sơn La,Sơn La — Son La Province,Son La Province,
VN,Vietnam,State / Province / Region,52,Tây Ninh,Tây Ninh — Tay Ninh Province,Tay Ninh Province,
VN,Vietnam,State / Province / Region,53,Thái Bình,Thái Bình — Thai Binh Province,Thai Binh Province,
VN,Vietnam,State / Province / Region,54,Thái Nguyên,Thái Nguyên — Thai Nguyen Province,Thai Nguyen Province,
VN,Vietnam,State / Province / Region,55,Thanh Hóa,Thanh Hóa — Thanh Hoa Province,Thanh Hoa Province,
VN,Vietnam,State / Province / Region,56,Thành phố Hồ Chí Minh,Thành phố Hồ Chí Minh — Ho Chi Minh City,Ho Chi Minh City,
VN,Vietnam,State / Province / Region,57,Thừa Thiên–Huế,Thừa Thiên–Huế — Thua Thien-Hue Province,Thua Thien-Hue Province,
VN,Vietnam,State / Province / Region,58,Tiền Giang,Tiền Giang — Tien Giang Province,Tien Giang Province,
VN,Vietnam,State / Province / Region,59,Trà Vinh,Trà Vinh — Tra Vinh Province,Tra Vinh Province,
VN,Vietnam,State / Province / Region,60,Tuyên Quang,Tuyên Quang — Tuyen Quang Province,Tuyen Quang Province,
VN,Vietnam,State / Province / Region,61,Vĩnh Long,Vĩnh Long — Vinh Long Province,Vinh Long Province,
VN,Vietnam,State / Province / Region,62,Vĩnh Phúc,Vĩnh Phúc — Vinh Phuc Province,Vinh Phuc Province,
VN,Vietnam,State / Province / Region,63,Yên Bái,Yên Bái — Yen Bai Province,Yen Bai Province,