country_code,country_name,field_order,field_id,label,type,required,placeholder,example,format_regex,dropdown_option_count
AD,Andorra,1,line1,Address line 1,text,true,Street address,,,
AD,Andorra,2,line2,Address line 2,text,false,"Apt., suite, unit number, etc. (optional)",,,
AD,Andorra,3,postal_code,Postal code,text,false,,AD100,AD[1-7]0\d,
AD,Andorra,4,city,City,text,false,,,,
AE,United Arab Emirates,1,line1,Address line 1,text,true,Street address,,,
AE,United Arab Emirates,2,line2,Address line 2,text,false,"Apt., suite, unit number, etc. (optional)",,,
AE,United Arab Emirates,3,state,Emirate,dropdown,true,,,,7
AG,Antigua & Barbuda,1,line1,Address line 1,text,true,Street address,,,
AG,Antigua & Barbuda,2,line2,Address line 2,text,false,"Apt., suite, unit number, etc. (optional)",,,
AG,Antigua & Barbuda,3,city,City,text,false,,,,
AG,Antigua & Barbuda,4,postal_code,Postal code,text,false,,,,
AI,Anguilla,1,line1,Address line 1,text,true,Street address,,,
AI,Anguilla,2,line2,Address line 2,text,false,"Apt., suite, unit number, etc. (optional)",,,
AI,Anguilla,3,city,City,text,false,,,,
AI,Anguilla,4,postal_code,Postal code,text,false,,2640,(?:AI-)?2640,
AL,Albania,1,line1,Address line 1,text,true,Street address,,,
AL,Albania,2,line2,Address line 2,text,false,"Apt., suite, unit number, etc. (optional)",,,
AL,Albania,3,postal_code,Postal code,text,false,,1001,\d{4},
AL,Albania,4,city,City,text,false,,,,
AM,Armenia,1,line1,Address line 1,text,true,Street address,,,
AM,Armenia,2,line2,Address line 2,text,false,"Apt., suite, unit number, etc. (optional)",,,
AM,Armenia,3,postal_code,Postal code,text,false,,375010,(?:37)?\d{4},
AM,Armenia,4,city,City,text,false,,,,
AM,Armenia,5,state,State / Province / Region,dropdown,false,,,,11
AO,Angola,1,line1,Address line 1,text,true,Street address,,,
AO,Angola,2,line2,Address line 2,text,false,"Apt., suite, unit number, etc. (optional)",,,
AO,Angola,3,city,City,text,false,,,,
AO,Angola,4,postal_code,Postal code,text,false,,,,
AQ,Antarctica,1,line1,Address line 1,text,true,Street address,,,
AQ,Antarctica,2,line2,Address line 2,text,false,"Apt., suite, unit number, etc. (optional)",,,
AQ,Antarctica,3,city,City,text,false,,,,
AQ,Antarctica,4,postal_code,Postal code,text,false,,,,
AR,Argentina,1,line1,Address line 1,text,true,Street address,,,
AR,Argentina,2,line2,Address line 2,text,false,"Apt., suite, unit number, etc. (optional)",,,
AR,Argentina,3,postal_code,Postal code,text,false,,C1070AAM,((?:[A-HJ-NP-Z])?\d{4})([A-Z]{3})?,
AR,Argentina,4,city,City,text,false,,,,
AR,Argentina,5,state,State / Province / Region,dropdown,false,,,,24
AT,Austria,1,line1,Address line 1,text,true,Street address,,,
AT,Austria,2,line2,Address line 2,text,false,"Apt., suite, unit number, etc. (optional)",,,
AT,Austria,3,postal_code,Postal code,text,true,,1010,\d{4},
AT,Austria,4,city,City,text,true,,,,
AU,Australia,1,line1,Address line 1,text,true,Street address,,,
AU,Australia,2,line2,Address line 2,text,false,"Apt., suite, unit number, etc. (optional)",,,
AU,Australia,3,city,Suburb,text,true,,,,
AU,Australia,4,state,State,dropdown,true,,,,9
AU,Australia,5,postal_code,Postal code,text,true,,2060,\d{4},
AW,Aruba,1,line1,Address line 1,text,true,Street address,,,
AW,Aruba,2,line2,Address line 2,text,false,"Apt., suite, unit number, etc. (optional)",,,
AW,Aruba,3,city,City,text,false,,,,
AW,Aruba,4,postal_code,Postal code,text,false,,,,
AX,Åland Islands,1,line1,Address line 1,text,true,Street address,,,
AX,Åland Islands,2,line2,Address line 2,text,false,"Apt., suite, unit number, etc. (optional)",,,
AX,Åland Islands,3,postal_code,Postal code,text,true,,22150,22\d{3},
AX,Åland Islands,4,city,City,text,true,,,,
AZ,Azerbaijan,1,line1,Address line 1,text,true,Street address,,,
AZ,Azerbaijan,2,line2,Address line 2,text,false,"Apt., suite, unit number, etc. (optional)",,,
AZ,Azerbaijan,3,postal_code,Postal code,text,false,,1000,\d{4},
AZ,Azerbaijan,4,city,City,text,false,,,,
BA,Bosnia & Herzegovina,1,line1,Address line 1,text,true,Street address,,,
BA,Bosnia & Herzegovina,2,line2,Address line 2,text,false,"Apt., suite, unit number, etc. (optional)",,,
BA,Bosnia & Herzegovina,3,postal_code,Postal code,text,false,,71000,\d{5},
BA,Bosnia & Herzegovina,4,city,City,text,false,,,,
BB,Barbados,1,line1,Address line 1,text,true,Street address,,,
BB,Barbados,2,line2,Address line 2,text,false,"Apt., suite, unit number, etc. (optional)",,,
BB,Barbados,3,city,City,text,false,,,,
BB,Barbados,4,state,Parish,dropdown,false,,,,11
BB,Barbados,5,postal_code,Postal code,text,false,,BB23026,BB\d{5},
BD,Bangladesh,1,line1,Address line 1,text,true,Street address,,,
BD,Bangladesh,2,line2,Address line 2,text,false,"Apt., suite, unit number, etc. (optional)",,,
BD,Bangladesh,3,city,City,text,false,,,,
BD,Bangladesh,4,postal_code,Postal code,text,false,,1340,\d{4},
BE,Belgium,1,line1,Address line 1,text,true,Street address,,,
BE,Belgium,2,line2,Address line 2,text,false,"Apt., suite, unit number, etc. (optional)",,,
BE,Belgium,3,postal_code,Postal code,text,true,,4000,\d{4},
BE,Belgium,4,city,City,text,true,,,,
BF,Burkina Faso,1,line1,Address line 1,text,true,Street address,,,
BF,Burkina Faso,2,line2,Address line 2,text,false,"Apt., suite, unit number, etc. (optional)",,,
BF,Burkina Faso,3,city,City,text,false,,,,
BF,Burkina Faso,4,sorting_code,CEDEX,text,false,,,,
BG,Bulgaria,1,line1,Address line 1,text,true,Street address,,,
BG,Bulgaria,2,line2,Address line 2,text,false,"Apt., suite, unit number, etc. (optional)",,,
BG,Bulgaria,3,postal_code,Postal code,text,false,,1000,\d{4},
BG,Bulgaria,4,city,City,text,false,,,,
BH,Bahrain,1,line1,Address line 1,text,true,Street address,,,
BH,Bahrain,2,line2,Address line 2,text,false,"Apt., suite, unit number, etc. (optional)",,,
BH,Bahrain,3,city,City,text,false,,,,
BH,Bahrain,4,postal_code,Postal code,text,false,,317,(?:^|\b)(?:1[0-2]|[1-9])\d{2}(?:$|\b),
BI,Burundi,1,line1,Address line 1,text,true,Street address,,,
BI,Burundi,2,line2,Address line 2,text,false,"Apt., suite, unit number, etc. (optional)",,,
BI,Burundi,3,city,City,text,false,,,,
BI,Burundi,4,postal_code,Postal code,text,false,,,,
BJ,Benin,1,line1,Address line 1,text,true,Street address,,,
BJ,Benin,2,line2,Address line 2,text,false,"Apt., suite, unit number, etc. (optional)",,,
BJ,Benin,3,city,City,text,false,,,,
BJ,Benin,4,postal_code,Postal code,text,false,,,,
BL,St. Barthélemy,1,line1,Address line 1,text,true,Street address,,,
BL,St. Barthélemy,2,line2,Address line 2,text,false,"Apt., suite, unit number, etc. (optional)",,,
BL,St. Barthélemy,3,postal_code,Postal code,text,true,,97100,9[78][01]\d{2},
BL,St. Barthélemy,4,city,City,text,true,,,,
BL,St. Barthélemy,5,sorting_code,CEDEX,text,false,,,,
BM,Bermuda,1,line1,Address line 1,text,true,Street address,,,
BM,Bermuda,2,line2,Address line 2,text,false,"Apt., suite, unit number, etc. (optional)",,,
BM,Bermuda,3,city,City,text,false,,,,
BM,Bermuda,4,postal_code,Postal code,text,false,,FL 07,[A-Z]{2} ?[A-Z0-9]{2},
BN,Brunei,1,line1,Address line 1,text,true,Street address,,,
BN,Brunei,2,line2,Address line 2,text,false,"Apt., suite, unit number, etc. (optional)",,,
BN,Brunei,3,city,City,text,false,,,,
BN,Brunei,4,postal_code,Postal code,text,false,,BT2328,[A-Z]{2} ?\d{4},
BO,Bolivia,1,line1,Address line 1,text,true,Street address,,,
BO,Bolivia,2,line2,Address line 2,text,false,"Apt., suite, unit number, etc. (optional)",,,
BO,Bolivia,3,city,City,text,false,,,,
BO,Bolivia,4,postal_code,Postal code,text,false,,,,
BQ,Caribbean Netherlands,1,line1,Address line 1,text,true,Street address,,,
BQ,Caribbean Netherlands,2,line2,Address line 2,text,false,"Apt., suite, unit number, etc. (optional)",,,
BQ,Caribbean Netherlands,3,city,City,text,false,,,,
BQ,Caribbean Netherlands,4,postal_code,Postal code,text,false,,,,
BR,Brazil,1,line1,Address line 1,text,true,Street address,,,
BR,Brazil,2,line2,Address line 2,text,false,"Apt., suite, unit number, etc. (optional)",,,
BR,Brazil,3,sublocality,Neighborhood,text,false,,,,
BR,Brazil,4,city,City,text,true,,,,
BR,Brazil,5,state,State,dropdown,true,,,,27
BR,Brazil,6,postal_code,Postal code,text,true,,40301-110,\d{5}-?\d{3},
BS,Bahamas,1,line1,Address line 1,text,true,Street address,,,
BS,Bahamas,2,line2,Address line 2,text,false,"Apt., suite, unit number, etc. (optional)",,,
BS,Bahamas,3,city,City,text,false,,,,
BS,Bahamas,4,state,Island,dropdown,false,,,,19
BT,Bhutan,1,line1,Address line 1,text,true,Street address,,,
BT,Bhutan,2,line2,Address line 2,text,false,"Apt., suite, unit number, etc. (optional)",,,
BT,Bhutan,3,city,City,text,false,,,,
BT,Bhutan,4,postal_code,Postal code,text,false,,11001,\d{5},
BV,Bouvet Island,1,line1,Address line 1,text,true,Street address,,,
BV,Bouvet Island,2,line2,Address line 2,text,false,"Apt., suite, unit number, etc. (optional)",,,
BV,Bouvet Island,3,city,City,text,false,,,,
BV,Bouvet Island,4,postal_code,Postal code,text,false,,,,
BW,Botswana,1,line1,Address line 1,text,true,Street address,,,
BW,Botswana,2,line2,Address line 2,text,false,"Apt., suite, unit number, etc. (optional)",,,
BW,Botswana,3,city,City,text,false,,,,
BW,Botswana,4,postal_code,Postal code,text,false,,,,
BZ,Belize,1,line1,Address line 1,text,true,Street address,,,
BZ,Belize,2,line2,Address line 2,text,false,"Apt., suite, unit number, etc. (optional)",,,
BZ,Belize,3,city,City,text,false,,,,
BZ,Belize,4,postal_code,Postal code,text,false,,,,
CA,Canada,1,line1,Address line 1,text,true,Street address,,,
CA,Canada,2,line2,Address line 2,text,false,"Apt., suite, unit number, etc. (optional)",,,
CA,Canada,3,city,City,text,true,,,,
CA,Canada,4,state,State / Province / Region,dropdown,true,,,,13
CA,Canada,5,postal_code,Postal code,text,true,,H3Z 2Y7,[ABCEGHJKLMNPRSTVXY]\d[ABCEGHJ-NPRSTV-Z] ?\d[ABCEGHJ-NPRSTV-Z]\d,
CG,Congo - Brazzaville,1,line1,Address line 1,text,true,Street address,,,
CG,Congo - Brazzaville,2,line2,Address line 2,text,false,"Apt., suite, unit number, etc. (optional)",,,
CG,Congo - Brazzaville,3,city,City,text,false,,,,
CG,Congo - Brazzaville,4,postal_code,Postal code,text,false,,,,
CH,Switzerland,1,line1,Address line 1,text,true,Street address,,,
CH,Switzerland,2,line2,Address line 2,text,false,"Apt., suite, unit number, etc. (optional)",,,
CH,Switzerland,3,postal_code,Postal code,text,true,,2544,\d{4},
CH,Switzerland,4,city,City,text,true,,,,
CI,Côte d’Ivoire,1,sorting_code,CEDEX,text,false,,,,
CI,Côte d’Ivoire,2,line1,Address line 1,text,true,Street address,,,
CI,Côte d’Ivoire,3,line2,Address line 2,text,false,"Apt., suite, unit number, etc. (optional)",,,
CI,Côte d’Ivoire,4,city,City,text,false,,,,
CK,Cook Islands,1,line1,Address line 1,text,true,Street address,,,
CK,Cook Islands,2,line2,Address line 2,text,false,"Apt., suite, unit number, etc. (optional)",,,
CK,Cook Islands,3,city,City,text,false,,,,
CK,Cook Islands,4,postal_code,Postal code,text,false,,,,
CL,Chile,1,line1,Address line 1,text,true,Street address,,,
CL,Chile,2,line2,Address line 2,text,false,"Apt., suite, unit number, etc. (optional)",,,
CL,Chile,3,postal_code,Postal code,text,false,,8340457,\d{7},
CL,Chile,4,city,City,text,false,,,,
CL,Chile,5,state,State / Province / Region,dropdown,false,,,,16
CM,Cameroon,1,line1,Address line 1,text,true,Street address,,,
CM,Cameroon,2,line2,Address line 2,text,false,"Apt., suite, unit number, etc. (optional)",,,
CM,Cameroon,3,city,City,text,false,,,,
CM,Cameroon,4,postal_code,Postal code,text,false,,,,
CO,Colombia,1,line1,Address line 1,text,true,Street address,,,
CO,Colombia,2,line2,Address line 2,text,false,"Apt., suite, unit number, etc. (optional)",,,
CO,Colombia,3,sublocality,District,text,false,,,,
CO,Colombia,4,city,City,text,false,,,,
CO,Colombia,5,state,Department,dropdown,true,,,,33
CO,Colombia,6,postal_code,Postal code,text,false,,111221,\d{6},
CR,Costa Rica,1,line1,Address line 1,text,true,Street address,,,
CR,Costa Rica,2,line2,Address line 2,text,false,"Apt., suite, unit number, etc. (optional)",,,
CR,Costa Rica,3,state,State / Province / Region,dropdown,true,,,,7
CR,Costa Rica,4,city,City,text,true,,,,
CR,Costa Rica,5,postal_code,Postal code,text,false,,1000,"\d{4,5}|\d{3}-\d{4}",
CV,Cape Verde,1,line1,Address line 1,text,true,Street address,,,
CV,Cape Verde,2,line2,Address line 2,text,false,"Apt., suite, unit number, etc. (optional)",,,
CV,Cape Verde,3,postal_code,Postal code,text,false,,7600,\d{4},
CV,Cape Verde,4,city,City,text,false,,,,
CV,Cape Verde,5,state,Island,dropdown,false,,,,9
CW,Curaçao,1,line1,Address line 1,text,true,Street address,,,
CW,Curaçao,2,line2,Address line 2,text,false,"Apt., suite, unit number, etc. (optional)",,,
CW,Curaçao,3,city,City,text,false,,,,
CW,Curaçao,4,postal_code,Postal code,text,false,,,,
CY,Cyprus,1,line1,Address line 1,text,true,Street address,,,
CY,Cyprus,2,line2,Address line 2,text,false,"Apt., suite, unit number, etc. (optional)",,,
CY,Cyprus,3,postal_code,Postal code,text,false,,2008,\d{4},
CY,Cyprus,4,city,City,text,false,,,,
CZ,Czechia,1,line1,Address line 1,text,true,Street address,,,
CZ,Czechia,2,line2,Address line 2,text,false,"Apt., suite, unit number, etc. (optional)",,,
CZ,Czechia,3,postal_code,Postal code,text,true,,100 00,\d{3} ?\d{2},
CZ,Czechia,4,city,City,text,true,,,,
DE,Germany,1,line1,Address line 1,text,true,Street address,,,
DE,Germany,2,line2,Address line 2,text,false,"Apt., suite, unit number, etc. (optional)",,,
DE,Germany,3,postal_code,Postal code,text,true,,26133,\d{5},
DE,Germany,4,city,City,text,true,,,,
DJ,Djibouti,1,line1,Address line 1,text,true,Street address,,,
DJ,Djibouti,2,line2,Address line 2,text,false,"Apt., suite, unit number, etc. (optional)",,,
DJ,Djibouti,3,city,City,text,false,,,,
DJ,Djibouti,4,postal_code,Postal code,text,false,,,,
DK,Denmark,1,line1,Address line 1,text,true,Street address,,,
DK,Denmark,2,line2,Address line 2,text,false,"Apt., suite, unit number, etc. (optional)",,,
DK,Denmark,3,postal_code,Postal code,text,true,,8660,\d{4},
DK,Denmark,4,city,City,text,true,,,,
DM,Dominica,1,line1,Address line 1,text,true,Street address,,,
DM,Dominica,2,line2,Address line 2,text,false,"Apt., suite, unit number, etc. (optional)",,,
DM,Dominica,3,city,City,text,false,,,,
DM,Dominica,4,postal_code,Postal code,text,false,,,,
DO,Dominican Republic,1,line1,Address line 1,text,true,Street address,,,
DO,Dominican Republic,2,line2,Address line 2,text,false,"Apt., suite, unit number, etc. (optional)",,,
DO,Dominican Republic,3,postal_code,Postal code,text,false,,11903,\d{5},
DO,Dominican Republic,4,city,City,text,false,,,,
DZ,Algeria,1,line1,Address line 1,text,true,Street address,,,
DZ,Algeria,2,line2,Address line 2,text,false,"Apt., suite, unit number, etc. (optional)",,,
DZ,Algeria,3,postal_code,Postal code,text,false,,40304,\d{5},
DZ,Algeria,4,city,City,text,false,,,,
EC,Ecuador,1,line1,Address line 1,text,true,Street address,,,
EC,Ecuador,2,line2,Address line 2,text,false,"Apt., suite, unit number, etc. (optional)",,,
EC,Ecuador,3,postal_code,Postal code,text,false,,090105,\d{6},
EC,Ecuador,4,city,City,text,false,,,,
EE,Estonia,1,line1,Address line 1,text,true,Street address,,,
EE,Estonia,2,line2,Address line 2,text,false,"Apt., suite, unit number, etc. (optional)",,,
EE,Estonia,3,postal_code,Postal code,text,true,,69501,\d{5},
EE,Estonia,4,city,City,text,true,,,,
EE,Estonia,5,state,State / Province / Region,text,false,,,,
EG,Egypt,1,line1,Address line 1,text,true,Street address,,,
EG,Egypt,2,line2,Address line 2,text,false,"Apt., suite, unit number, etc. (optional)",,,
EG,Egypt,3,city,City,text,false,,,,
EG,Egypt,4,state,State / Province / Region,dropdown,false,,,,27
EG,Egypt,5,postal_code,Postal code,text,false,,12411,\d{5},
EH,Western Sahara,1,line1,Address line 1,text,true,Street address,,,
EH,Western Sahara,2,line2,Address line 2,text,false,"Apt., suite, unit number, etc. (optional)",,,
EH,Western Sahara,3,postal_code,Postal code,text,false,,70000,\d{5},
EH,Western Sahara,4,city,City,text,false,,,,
ES,Spain,1,line1,Address line 1,text,true,Street address,,,
ES,Spain,2,line2,Address line 2,text,false,"Apt., suite, unit number, etc. (optional)",,,
ES,Spain,3,postal_code,Postal code,text,true,,28039,\d{5},
ES,Spain,4,city,City,text,true,,,,
ES,Spain,5,state,State / Province / Region,dropdown,true,,,,52
FI,Finland,1,line1,Address line 1,text,true,Street address,,,
FI,Finland,2,line2,Address line 2,text,false,"Apt., suite, unit number, etc. (optional)",,,
FI,Finland,3,postal_code,Postal code,text,true,,00550,\d{5},
FI,Finland,4,city,City,text,true,,,,
FJ,Fiji,1,line1,Address line 1,text,true,Street address,,,
FJ,Fiji,2,line2,Address line 2,text,false,"Apt., suite, unit number, etc. (optional)",,,
FJ,Fiji,3,city,City,text,false,,,,
FJ,Fiji,4,postal_code,Postal code,text,false,,,,
FK,Falkland Islands,1,line1,Address line 1,text,true,Street address,,,
FK,Falkland Islands,2,line2,Address line 2,text,false,"Apt., suite, unit number, etc. (optional)",,,
FK,Falkland Islands,3,city,City,text,true,,,,
FK,Falkland Islands,4,postal_code,Postal code,text,true,,FIQQ 1ZZ,FIQQ 1ZZ,
FO,Faroe Islands,1,line1,Address line 1,text,true,Street address,,,
FO,Faroe Islands,2,line2,Address line 2,text,false,"Apt., suite, unit number, etc. (optional)",,,
FO,Faroe Islands,3,postal_code,Postal code,text,false,,100,\d{3},
FO,Faroe Islands,4,city,City,text,false,,,,
FR,France,1,line1,Address line 1,text,true,Street address,,,
FR,France,2,line2,Address line 2,text,false,"Apt., suite, unit number, etc. (optional)",,,
FR,France,3,postal_code,Postal code,text,true,,33380,\d{2} ?\d{3},
FR,France,4,city,City,text,true,,,,
GA,Gabon,1,line1,Address line 1,text,true,Street address,,,
GA,Gabon,2,line2,Address line 2,text,false,"Apt., suite, unit number, etc. (optional)",,,
GA,Gabon,3,city,City,text,false,,,,
GA,Gabon,4,postal_code,Postal code,text,false,,,,
GB,United Kingdom,1,line1,Address line 1,text,true,Street address,,,
GB,United Kingdom,2,line2,Address line 2,text,false,"Apt., suite, unit number, etc. (optional)",,,
GB,United Kingdom,3,city,Town or city,text,true,,,,
GB,United Kingdom,4,postal_code,Postal code,text,true,,EC1Y 8SY,"(?:GIR ?0AA|(?:(?:AB|AL|B|BA|BB|BD|BF|BH|BL|BN|BR|BS|BT|BX|CA|CB|CF|CH|CM|CO|CR|CT|CV|CW|DA|DD|DE|DG|DH|DL|DN|DT|DY|E|EC|EH|EN|EX|FK|FY|G|GL|GY|GU|HA|HD|HG|HP|HR|HS|HU|HX|IG|IM|IP|IV|JE|KA|KT|KW|KY|L|LA|LD|LE|LL|LN|LS|LU|M|ME|MK|ML|N|NE|NG|NN|NP|NR|NW|OL|OX|PA|PE|PH|PL|PO|PR|RG|RH|RM|S|SA|SE|SG|SK|SL|SM|SN|SO|SP|SR|SS|ST|SW|SY|TA|TD|TF|TN|TQ|TR|TS|TW|UB|W|WA|WC|WD|WF|WN|WR|WS|WV|YO|ZE)(?:\d[\dA-Z]? ?\d[ABD-HJLN-UW-Z]{2}))|BFPO ?\d{1,4})",
GD,Grenada,1,line1,Address line 1,text,true,Street address,,,
GD,Grenada,2,line2,Address line 2,text,false,"Apt., suite, unit number, etc. (optional)",,,
GD,Grenada,3,city,City,text,false,,,,
GD,Grenada,4,postal_code,Postal code,text,false,,,,
GE,Georgia,1,line1,Address line 1,text,true,Street address,,,
GE,Georgia,2,line2,Address line 2,text,false,"Apt., suite, unit number, etc. (optional)",,,
GE,Georgia,3,postal_code,Postal code,text,false,,0101,\d{4},
GE,Georgia,4,city,City,text,false,,,,
GF,French Guiana,1,line1,Address line 1,text,true,Street address,,,
GF,French Guiana,2,line2,Address line 2,text,false,"Apt., suite, unit number, etc. (optional)",,,
GF,French Guiana,3,postal_code,Postal code,text,true,,97300,9[78]3\d{2},
GF,French Guiana,4,city,City,text,true,,,,
GF,French Guiana,5,sorting_code,CEDEX,text,false,,,,
GG,Guernsey,1,line1,Address line 1,text,true,Street address,,,
GG,Guernsey,2,line2,Address line 2,text,false,"Apt., suite, unit number, etc. (optional)",,,
GG,Guernsey,3,city,City,text,true,,,,
GG,Guernsey,4,postal_code,Postal code,text,true,,GY1 1AA,GY\d[\dA-Z]? ?\d[ABD-HJLN-UW-Z]{2},
GH,Ghana,1,line1,Address line 1,text,true,Street address,,,
GH,Ghana,2,line2,Address line 2,text,false,"Apt., suite, unit number, etc. (optional)",,,
GH,Ghana,3,city,City,text,false,,,,
GH,Ghana,4,postal_code,Postal code,text,false,,,,
GI,Gibraltar,1,line1,Address line 1,text,true,Street address,,,
GI,Gibraltar,2,line2,Address line 2,text,false,"Apt., suite, unit number, etc. (optional)",,,
GI,Gibraltar,3,postal_code,Postal code,text,false,,GX11 1AA,GX11 1AA,
GL,Greenland,1,line1,Address line 1,text,true,Street address,,,
GL,Greenland,2,line2,Address line 2,text,false,"Apt., suite, unit number, etc. (optional)",,,
GL,Greenland,3,postal_code,Postal code,text,true,,3900,39\d{2},
GL,Greenland,4,city,City,text,true,,,,
GM,Gambia,1,line1,Address line 1,text,true,Street address,,,
GM,Gambia,2,line2,Address line 2,text,false,"Apt., suite, unit number, etc. (optional)",,,
GM,Gambia,3,city,City,text,false,,,,
GM,Gambia,4,postal_code,Postal code,text,false,,,,
GN,Guinea,1,postal_code,Postal code,text,false,,001,\d{3},
GN,Guinea,2,line1,Address line 1,text,true,Street address,,,
GN,Guinea,3,line2,Address line 2,text,false,"Apt., suite, unit number, etc. (optional)",,,
GN,Guinea,4,city,City,text,false,,,,
GP,Guadeloupe,1,line1,Address line 1,text,true,Street address,,,
GP,Guadeloupe,2,line2,Address line 2,text,false,"Apt., suite, unit number, etc. (optional)",,,
GP,Guadeloupe,3,postal_code,Postal code,text,true,,97100,9[78][01]\d{2},
GP,Guadeloupe,4,city,City,text,true,,,,
GP,Guadeloupe,5,sorting_code,CEDEX,text,false,,,,
GQ,Equatorial Guinea,1,line1,Address line 1,text,true,Street address,,,
GQ,Equatorial Guinea,2,line2,Address line 2,text,false,"Apt., suite, unit number, etc. (optional)",,,
GQ,Equatorial Guinea,3,city,City,text,false,,,,
GQ,Equatorial Guinea,4,postal_code,Postal code,text,false,,,,
GR,Greece,1,line1,Address line 1,text,true,Street address,,,
GR,Greece,2,line2,Address line 2,text,false,"Apt., suite, unit number, etc. (optional)",,,
GR,Greece,3,postal_code,Postal code,text,true,,151 24,\d{3} ?\d{2},
GR,Greece,4,city,City,text,true,,,,
GS,South Georgia & South Sandwich Islands,1,line1,Address line 1,text,true,Street address,,,
GS,South Georgia & South Sandwich Islands,2,line2,Address line 2,text,false,"Apt., suite, unit number, etc. (optional)",,,
GS,South Georgia & South Sandwich Islands,3,city,City,text,true,,,,
GS,South Georgia & South Sandwich Islands,4,postal_code,Postal code,text,true,,SIQQ 1ZZ,SIQQ 1ZZ,
GT,Guatemala,1,line1,Address line 1,text,true,Street address,,,
GT,Guatemala,2,line2,Address line 2,text,false,"Apt., suite, unit number, etc. (optional)",,,
GT,Guatemala,3,postal_code,Postal code,text,false,,09001,\d{5},
GT,Guatemala,4,city,City,text,false,,,,
GU,Guam,1,line1,Address line 1,text,true,Street address,,,
GU,Guam,2,line2,Address line 2,text,false,"Apt., suite, unit number, etc. (optional)",,,
GU,Guam,3,city,City,text,true,,,,
GU,Guam,4,postal_code,ZIP,text,true,,96910,(969(?:[12]\d|3[12]))(?:[ \-](\d{4}))?,
GW,Guinea-Bissau,1,line1,Address line 1,text,true,Street address,,,
GW,Guinea-Bissau,2,line2,Address line 2,text,false,"Apt., suite, unit number, etc. (optional)",,,
GW,Guinea-Bissau,3,postal_code,Postal code,text,false,,1000,\d{4},
GW,Guinea-Bissau,4,city,City,text,false,,,,
GY,Guyana,1,line1,Address line 1,text,true,Street address,,,
GY,Guyana,2,line2,Address line 2,text,false,"Apt., suite, unit number, etc. (optional)",,,
GY,Guyana,3,city,City,text,false,,,,
GY,Guyana,4,postal_code,Postal code,text,false,,,,
HN,Honduras,1,line1,Address line 1,text,true,Street address,,,
HN,Honduras,2,line2,Address line 2,text,false,"Apt., suite, unit number, etc. (optional)",,,
HN,Honduras,3,city,City,text,true,,,,
HN,Honduras,4,state,Department,dropdown,true,,,,18
HN,Honduras,5,postal_code,Postal code,text,false,,31301,\d{5},
HR,Croatia,1,line1,Address line 1,text,true,Street address,,,
HR,Croatia,2,line2,Address line 2,text,false,"Apt., suite, unit number, etc. (optional)",,,
HR,Croatia,3,postal_code,Postal code,text,false,,10000,\d{5},
HR,Croatia,4,city,City,text,false,,,,
HT,Haiti,1,line1,Address line 1,text,true,Street address,,,
HT,Haiti,2,line2,Address line 2,text,false,"Apt., suite, unit number, etc. (optional)",,,
HT,Haiti,3,postal_code,Postal code,text,false,,6120,\d{4},
HT,Haiti,4,city,City,text,false,,,,
HU,Hungary,1,city,City,text,true,,,,
HU,Hungary,2,line1,Address line 1,text,true,Street address,,,
HU,Hungary,3,line2,Address line 2,text,false,"Apt., suite, unit number, etc. (optional)",,,
HU,Hungary,4,postal_code,Postal code,text,true,,1037,\d{4},
ID,Indonesia,1,line1,Address line 1,text,true,Street address,,,
ID,Indonesia,2,line2,Address line 2,text,false,"Apt., suite, unit number, etc. (optional)",,,
ID,Indonesia,3,city,City,text,false,,,,
ID,Indonesia,4,state,State / Province / Region,dropdown,true,,,,34
ID,Indonesia,5,postal_code,Postal code,text,false,,40115,\d{5},
IE,Ireland,1,line1,Address line 1,text,true,Street address,,,
IE,Ireland,2,line2,Address line 2,text,false,"Apt., suite, unit number, etc. (optional)",,,
IE,Ireland,3,sublocality,District,text,false,,,,
IE,Ireland,4,city,City,text,true,,,,
IE,Ireland,5,state,County,dropdown,true,,,,26
IE,Ireland,6,postal_code,Eircode,text,false,,A65 F4E2,[\dA-Z]{3} ?[\dA-Z]{4},
IL,Israel,1,line1,Address line 1,text,true,Street address,,,
IL,Israel,2,line2,Address line 2,text,false,"Apt., suite, unit number, etc. (optional)",,,
IL,Israel,3,city,City,text,false,,,,
IL,Israel,4,postal_code,Postal code,text,false,,9614303,\d{5}(?:\d{2})?,
IM,Isle of Man,1,line1,Address line 1,text,true,Street address,,,
IM,Isle of Man,2,line2,Address line 2,text,false,"Apt., suite, unit number, etc. (optional)",,,
IM,Isle of Man,3,city,City,text,true,,,,
IM,Isle of Man,4,postal_code,Postal code,text,true,,IM2 1AA,IM\d[\dA-Z]? ?\d[ABD-HJLN-UW-Z]{2},
IN,India,1,line1,Address line 1,text,true,Street address,,,
IN,India,2,line2,Address line 2,text,false,"Apt., suite, unit number, etc. (optional)",,,
IN,India,3,city,City,text,true,,,,
IN,India,4,postal_code,PIN,text,true,,110034,\d{6},
IN,India,5,state,State,dropdown,true,,,,36
IO,British Indian Ocean Territory,1,line1,Address line 1,text,true,Street address,,,
IO,British Indian Ocean Territory,2,line2,Address line 2,text,false,"Apt., suite, unit number, etc. (optional)",,,
IO,British Indian Ocean Territory,3,city,City,text,true,,,,
IO,British Indian Ocean Territory,4,postal_code,Postal code,text,true,,BBND 1ZZ,BBND 1ZZ,
IQ,Iraq,1,line1,Address line 1,text,true,Street address,,,
IQ,Iraq,2,line2,Address line 2,text,false,"Apt., suite, unit number, etc. (optional)",,,
IQ,Iraq,3,city,City,text,true,,,,
IQ,Iraq,4,state,State / Province / Region,dropdown,true,,,,18
IQ,Iraq,5,postal_code,Postal code,text,false,,31001,\d{5},
IS,Iceland,1,line1,Address line 1,text,true,Street address,,,
IS,Iceland,2,line2,Address line 2,text,false,"Apt., suite, unit number, etc. (optional)",,,
IS,Iceland,3,postal_code,Postal code,text,false,,320,\d{3},
IS,Iceland,4,city,City,text,false,,,,
IT,Italy,1,line1,Address line 1,text,true,Street address,,,
IT,Italy,2,line2,Address line 2,text,false,"Apt., suite, unit number, etc. (optional)",,,
IT,Italy,3,postal_code,Postal code,text,true,,00144,\d{5},
IT,Italy,4,city,City,text,true,,,,
IT,Italy,5,state,State / Province / Region,dropdown,true,,,,107
JE,Jersey,1,line1,Address line 1,text,true,Street address,,,
JE,Jersey,2,line2,Address line 2,text,false,"Apt., suite, unit number, etc. (optional)",,,
JE,Jersey,3,city,City,text,true,,,,
JE,Jersey,4,postal_code,Postal code,text,true,,JE1 1AA,JE\d[\dA-Z]? ?\d[ABD-HJLN-UW-Z]{2},
JM,Jamaica,1,line1,Address line 1,text,true,Street address,,,
JM,Jamaica,2,line2,Address line 2,text,false,"Apt., suite, unit number, etc. (optional)",,,
JM,Jamaica,3,city,City,text,true,,,,
JM,Jamaica,4,state,Parish,dropdown,true,,,,14
JM,Jamaica,5,sorting_code,CEDEX,text,false,,,,
JO,Jordan,1,line1,Address line 1,text,true,Street address,,,
JO,Jordan,2,line2,Address line 2,text,false,"Apt., suite, unit number, etc. (optional)",,,
JO,Jordan,3,city,City,text,false,,,,
JO,Jordan,4,postal_code,Postal code,text,false,,11937,\d{5},
JP,Japan,1,postal_code,Postal code,text,true,,154-0023,\d{3}-?\d{4},
JP,Japan,2,state,Prefecture,dropdown,true,,,,47
JP,Japan,3,city,City,text,true,,,,
JP,Japan,4,line1,Address line 1,text,true,Street address,,,
JP,Japan,5,line2,Address line 2,text,false,"Apt., suite, unit number, etc. (optional)",,,
KE,Kenya,1,line1,Address line 1,text,true,Street address,,,
KE,Kenya,2,line2,Address line 2,text,false,"Apt., suite, unit number, etc. (optional)",,,
KE,Kenya,3,city,City,text,false,,,,
KE,Kenya,4,postal_code,Postal code,text,false,,20100,\d{5},
KG,Kyrgyzstan,1,line1,Address line 1,text,true,Street address,,,
KG,Kyrgyzstan,2,line2,Address line 2,text,false,"Apt., suite, unit number, etc. (optional)",,,
KG,Kyrgyzstan,3,postal_code,Postal code,text,false,,720001,\d{6},
KG,Kyrgyzstan,4,city,City,text,false,,,,
KH,Cambodia,1,line1,Address line 1,text,true,Street address,,,
KH,Cambodia,2,line2,Address line 2,text,false,"Apt., suite, unit number, etc. (optional)",,,
KH,Cambodia,3,city,City,text,false,,,,
KH,Cambodia,4,postal_code,Postal code,text,false,,120101,"\d{5,6}",
KI,Kiribati,1,line1,Address line 1,text,true,Street address,,,
KI,Kiribati,2,line2,Address line 2,text,false,"Apt., suite, unit number, etc. (optional)",,,
KI,Kiribati,3,state,Island,dropdown,false,,,,3
KI,Kiribati,4,city,City,text,false,,,,
KM,Comoros,1,line1,Address line 1,text,true,Street address,,,
KM,Comoros,2,line2,Address line 2,text,false,"Apt., suite, unit number, etc. (optional)",,,
KM,Comoros,3,city,City,text,false,,,,
KM,Comoros,4,postal_code,Postal code,text,false,,,,
KN,St. Kitts & Nevis,1,line1,Address line 1,text,true,Street address,,,
KN,St. Kitts & Nevis,2,line2,Address line 2,text,false,"Apt., suite, unit number, etc. (optional)",,,
KN,St. Kitts & Nevis,3,city,City,text,true,,,,
KN,St. Kitts & Nevis,4,state,Island,dropdown,true,,,,2
KR,South Korea,1,state,Do Si,dropdown,true,,,,17
KR,South Korea,2,city,City,text,true,,,,
KR,South Korea,3,sublocality,District,text,false,,,,
KR,South Korea,4,line1,Address line 1,text,true,Street address,,,
KR,South Korea,5,line2,Address line 2,text,false,"Apt., suite, unit number, etc. (optional)",,,
KR,South Korea,6,postal_code,Postal code,text,true,,03051,\d{5},
KW,Kuwait,1,line1,Address line 1,text,true,Street address,,,
KW,Kuwait,2,line2,Address line 2,text,false,"Apt., suite, unit number, etc. (optional)",,,
KW,Kuwait,3,postal_code,Postal code,text,false,,54541,\d{5},
KW,Kuwait,4,city,City,text,false,,,,
KY,Cayman Islands,1,line1,Address line 1,text,true,Street address,,,
KY,Cayman Islands,2,line2,Address line 2,text,false,"Apt., suite, unit number, etc. (optional)",,,
KY,Cayman Islands,3,state,Island,dropdown,true,,,,3
KY,Cayman Islands,4,postal_code,Postal code,text,false,,KY1-1100,KY\d-\d{4},
KZ,Kazakhstan,1,postal_code,Postal code,text,false,,040900,\d{6},
KZ,Kazakhstan,2,state,State / Province / Region,dropdown,false,,,,20
KZ,Kazakhstan,3,city,City,text,false,,,,
KZ,Kazakhstan,4,line1,Address line 1,text,true,Street address,,,
KZ,Kazakhstan,5,line2,Address line 2,text,false,"Apt., suite, unit number, etc. (optional)",,,
LA,Laos,1,line1,Address line 1,text,true,Street address,,,
LA,Laos,2,line2,Address line 2,text,false,"Apt., suite, unit number, etc. (optional)",,,
LA,Laos,3,postal_code,Postal code,text,false,,01160,\d{5},
LA,Laos,4,city,City,text,false,,,,
LB,Lebanon,1,line1,Address line 1,text,true,Street address,,,
LB,Lebanon,2,line2,Address line 2,text,false,"Apt., suite, unit number, etc. (optional)",,,
LB,Lebanon,3,city,City,text,false,,,,
LB,Lebanon,4,postal_code,Postal code,text,false,,2038 3054,(?:\d{4})(?: ?(?:\d{4}))?,
LC,St. Lucia,1,line1,Address line 1,text,true,Street address,,,
LC,St. Lucia,2,line2,Address line 2,text,false,"Apt., suite, unit number, etc. (optional)",,,
LC,St. Lucia,3,city,City,text,false,,,,
LC,St. Lucia,4,postal_code,Postal code,text,false,,,,
LI,Liechtenstein,1,line1,Address line 1,text,true,Street address,,,
LI,Liechtenstein,2,line2,Address line 2,text,false,"Apt., suite, unit number, etc. (optional)",,,
LI,Liechtenstein,3,postal_code,Postal code,text,true,,9496,948[5-9]|949[0-8],
LI,Liechtenstein,4,city,City,text,true,,,,
LK,Sri Lanka,1,line1,Address line 1,text,true,Street address,,,
LK,Sri Lanka,2,line2,Address line 2,text,false,"Apt., suite, unit number, etc. (optional)",,,
LK,Sri Lanka,3,city,City,text,false,,,,
LK,Sri Lanka,4,postal_code,Postal code,text,false,,20000,\d{5},
LR,Liberia,1,line1,Address line 1,text,true,Street address,,,
LR,Liberia,2,line2,Address line 2,text,false,"Apt., suite, unit number, etc. (optional)",,,
LR,Liberia,3,postal_code,Postal code,text,false,,1000,\d{4},
LR,Liberia,4,city,City,text,false,,,,
LS,Lesotho,1,line1,Address line 1,text,true,Street address,,,
LS,Lesotho,2,line2,Address line 2,text,false,"Apt., suite, unit number, etc. (optional)",,,
LS,Lesotho,3,city,City,text,false,,,,
LS,Lesotho,4,postal_code,Postal code,text,false,,100,\d{3},
LT,Lithuania,1,line1,Address line 1,text,true,Street address,,,
LT,Lithuania,2,line2,Address line 2,text,false,"Apt., suite, unit number, etc. (optional)",,,
LT,Lithuania,3,postal_code,Postal code,text,true,,04340,\d{5},
LT,Lithuania,4,city,City,text,true,,,,
LT,Lithuania,5,state,State / Province / Region,text,false,,,,
LU,Luxembourg,1,line1,Address line 1,text,true,Street address,,,
LU,Luxembourg,2,line2,Address line 2,text,false,"Apt., suite, unit number, etc. (optional)",,,
LU,Luxembourg,3,postal_code,Postal code,text,true,,4750,\d{4},
LU,Luxembourg,4,city,City,text,true,,,,
LV,Latvia,1,line1,Address line 1,text,true,Street address,,,
LV,Latvia,2,line2,Address line 2,text,false,"Apt., suite, unit number, etc. (optional)",,,
LV,Latvia,3,state,State / Province / Region,text,false,,,,
LV,Latvia,4,city,City,text,true,,,,
LV,Latvia,5,postal_code,Postal code,text,true,,LV-1073,LV-\d{4},
MA,Morocco,1,line1,Address line 1,text,true,Street address,,,
MA,Morocco,2,line2,Address line 2,text,false,"Apt., suite, unit number, etc. (optional)",,,
MA,Morocco,3,postal_code,Postal code,text,false,,53000,\d{5},
MA,Morocco,4,city,City,text,false,,,,
MC,Monaco,1,line1,Address line 1,text,true,Street address,,,
MC,Monaco,2,line2,Address line 2,text,false,"Apt., suite, unit number, etc. (optional)",,,
MC,Monaco,3,postal_code,Postal code,text,false,,98000,980\d{2},
MC,Monaco,4,city,City,text,false,,,,
MC,Monaco,5,sorting_code,CEDEX,text,false,,,,
MD,Moldova,1,line1,Address line 1,text,true,Street address,,,
MD,Moldova,2,line2,Address line 2,text,false,"Apt., suite, unit number, etc. (optional)",,,
MD,Moldova,3,postal_code,Postal code,text,false,,2012,\d{4},
MD,Moldova,4,city,City,text,false,,,,
ME,Montenegro,1,line1,Address line 1,text,true,Street address,,,
ME,Montenegro,2,line2,Address line 2,text,false,"Apt., suite, unit number, etc. (optional)",,,
ME,Montenegro,3,postal_code,Postal code,text,false,,81257,8\d{4},
ME,Montenegro,4,city,City,text,false,,,,
MF,St. Martin,1,line1,Address line 1,text,true,Street address,,,
MF,St. Martin,2,line2,Address line 2,text,false,"Apt., suite, unit number, etc. (optional)",,,
MF,St. Martin,3,postal_code,Postal code,text,true,,97100,9[78][01]\d{2},
MF,St. Martin,4,city,City,text,true,,,,
MF,St. Martin,5,sorting_code,CEDEX,text,false,,,,
MG,Madagascar,1,line1,Address line 1,text,true,Street address,,,
MG,Madagascar,2,line2,Address line 2,text,false,"Apt., suite, unit number, etc. (optional)",,,
MG,Madagascar,3,postal_code,Postal code,text,false,,501,\d{3},
MG,Madagascar,4,city,City,text,false,,,,
MK,North Macedonia,1,line1,Address line 1,text,true,Street address,,,
MK,North Macedonia,2,line2,Address line 2,text,false,"Apt., suite, unit number, etc. (optional)",,,
MK,North Macedonia,3,postal_code,Postal code,text,false,,1314,\d{4},
MK,North Macedonia,4,city,City,text,false,,,,
MN,Mongolia,1,line1,Address line 1,text,true,Street address,,,
MN,Mongolia,2,line2,Address line 2,text,false,"Apt., suite, unit number, etc. (optional)",,,
MN,Mongolia,3,city,City,text,false,,,,
MN,Mongolia,4,state,State / Province / Region,dropdown,false,,,,22
MN,Mongolia,5,postal_code,Postal code,text,false,,65030,\d{5},
MQ,Martinique,1,line1,Address line 1,text,true,Street address,,,
MQ,Martinique,2,line2,Address line 2,text,false,"Apt., suite, unit number, etc. (optional)",,,
MQ,Martinique,3,postal_code,Postal code,text,true,,97220,9[78]2\d{2},
MQ,Martinique,4,city,City,text,true,,,,
MQ,Martinique,5,sorting_code,CEDEX,text,false,,,,
MR,Mauritania,1,line1,Address line 1,text,true,Street address,,,
MR,Mauritania,2,line2,Address line 2,text,false,"Apt., suite, unit number, etc. (optional)",,,
MR,Mauritania,3,city,City,text,false,,,,
MR,Mauritania,4,postal_code,Postal code,text,false,,,,
MS,Montserrat,1,line1,Address line 1,text,true,Street address,,,
MS,Montserrat,2,line2,Address line 2,text,false,"Apt., suite, unit number, etc. (optional)",,,
MS,Montserrat,3,city,City,text,false,,,,
MS,Montserrat,4,postal_code,Postal code,text,false,,,,
MT,Malta,1,line1,Address line 1,text,true,Street address,,,
MT,Malta,2,line2,Address line 2,text,false,"Apt., suite, unit number, etc. (optional)",,,
MT,Malta,3,city,City,text,false,,,,
MT,Malta,4,postal_code,Postal code,text,false,,NXR 01,"[A-Z]{3} ?\d{2,4}",
MU,Mauritius,1,line1,Address line 1,text,true,Street address,,,
MU,Mauritius,2,line2,Address line 2,text,false,"Apt., suite, unit number, etc. (optional)",,,
MU,Mauritius,3,postal_code,Postal code,text,false,,42602,\d{3}(?:\d{2}|[A-Z]{2}\d{3}),
MU,Mauritius,4,city,City,text,false,,,,
MV,Maldives,1,line1,Address line 1,text,true,Street address,,,
MV,Maldives,2,line2,Address line 2,text,false,"Apt., suite, unit number, etc. (optional)",,,
MV,Maldives,3,city,City,text,false,,,,
MV,Maldives,4,postal_code,Postal code,text,false,,20026,\d{5},
MW,Malawi,1,line1,Address line 1,text,true,Street address,,,
MW,Malawi,2,line2,Address line 2,text,false,"Apt., suite, unit number, etc. (optional)",,,
MW,Malawi,3,city,City,text,false,,,,
MW,Malawi,4,sorting_code,CEDEX,text,false,,,,
MX,Mexico,1,line1,Address line 1,text,true,Street address,,,
MX,Mexico,2,line2,Address line 2,text,false,"Apt., suite, unit number, etc. (optional)",,,
MX,Mexico,3,sublocality,Neighborhood,text,false,,,,
MX,Mexico,4,postal_code,Postal code,text,true,,02860,\d{5},
MX,Mexico,5,city,City,text,true,,,,
MX,Mexico,6,state,State,dropdown,true,,,,32
MY,Malaysia,1,line1,Address line 1,text,true,Street address,,,
MY,Malaysia,2,line2,Address line 2,text,false,"Apt., suite, unit number, etc. (optional)",,,
MY,Malaysia,3,sublocality,District,text,false,,,,
MY,Malaysia,4,postal_code,Postal code,text,true,,43000,\d{5},
MY,Malaysia,5,city,City,text,true,,,,
MY,Malaysia,6,state,State,dropdown,false,,,,16
MZ,Mozambique,1,line1,Address line 1,text,true,Street address,,,
MZ,Mozambique,2,line2,Address line 2,text,false,"Apt., suite, unit number, etc. (optional)",,,
MZ,Mozambique,3,postal_code,Postal code,text,false,,1102,\d{4},
MZ,Mozambique,4,city,City,text,false,,,,
MZ,Mozambique,5,state,State / Province / Region,dropdown,false,,,,11
NA,Namibia,1,line1,Address line 1,text,true,Street address,,,
NA,Namibia,2,line2,Address line 2,text,false,"Apt., suite, unit number, etc. (optional)",,,
NA,Namibia,3,city,City,text,false,,,,
NA,Namibia,4,postal_code,Postal code,text,false,,10001,\d{5},
NC,New Caledonia,1,line1,Address line 1,text,true,Street address,,,
NC,New Caledonia,2,line2,Address line 2,text,false,"Apt., suite, unit number, etc. (optional)",,,
NC,New Caledonia,3,postal_code,Postal code,text,true,,98814,988\d{2},
NC,New Caledonia,4,city,City,text,true,,,,
NC,New Caledonia,5,sorting_code,CEDEX,text,false,,,,
NE,Niger,1,line1,Address line 1,text,true,Street address,,,
NE,Niger,2,line2,Address line 2,text,false,"Apt., suite, unit number, etc. (optional)",,,
NE,Niger,3,postal_code,Postal code,text,false,,8001,\d{4},
NE,Niger,4,city,City,text,false,,,,
NG,Nigeria,1,line1,Address line 1,text,true,Street address,,,
NG,Nigeria,2,line2,Address line 2,text,false,"Apt., suite, unit number, etc. (optional)",,,
NG,Nigeria,3,sublocality,District,text,false,,,,
NG,Nigeria,4,city,City,text,false,,,,
NG,Nigeria,5,postal_code,Postal code,text,false,,930283,\d{6},
NG,Nigeria,6,state,State,dropdown,false,,,,37
NL,Netherlands,1,line1,Address line 1,text,true,Street address,,,
NL,Netherlands,2,line2,Address line 2,text,false,"Apt., suite, unit number, etc. (optional)",,,
NL,Netherlands,3,postal_code,Postal code,text,true,,1234 AB,[1-9]\d{3} ?(?:[A-RT-Z][A-Z]|S[BCE-RT-Z]),
NL,Netherlands,4,city,City,text,true,,,,
NO,Norway,1,line1,Address line 1,text,true,Street address,,,
NO,Norway,2,line2,Address line 2,text,false,"Apt., suite, unit number, etc. (optional)",,,
NO,Norway,3,postal_code,Postal code,text,true,,0025,\d{4},
NO,Norway,4,city,Town or city,text,true,,,,
NP,Nepal,1,line1,Address line 1,text,true,Street address,,,
NP,Nepal,2,line2,Address line 2,text,false,"Apt., suite, unit number, etc. (optional)",,,
NP,Nepal,3,city,City,text,false,,,,
NP,Nepal,4,postal_code,Postal code,text,false,,44601,\d{5},
NR,Nauru,1,line1,Address line 1,text,true,Street address,,,
NR,Nauru,2,line2,Address line 2,text,false,"Apt., suite, unit number, etc. (optional)",,,
NR,Nauru,3,state,District,dropdown,true,,,,14
NU,Niue,1,line1,Address line 1,text,true,Street address,,,
NU,Niue,2,line2,Address line 2,text,false,"Apt., suite, unit number, etc. (optional)",,,
NU,Niue,3,city,City,text,false,,,,
NU,Niue,4,postal_code,Postal code,text,false,,,,
NZ,New Zealand,1,line1,Address line 1,text,true,Street address,,,
NZ,New Zealand,2,line2,Address line 2,text,false,"Apt., suite, unit number, etc. (optional)",,,
NZ,New Zealand,3,sublocality,District,text,false,,,,
NZ,New Zealand,4,city,City,text,true,,,,
NZ,New Zealand,5,postal_code,Postal code,text,true,,6001,\d{4},
OM,Oman,1,line1,Address line 1,text,true,Street address,,,
OM,Oman,2,line2,Address line 2,text,false,"Apt., suite, unit number, etc. (optional)",,,
OM,Oman,3,postal_code,Postal code,text,false,,133,(?:PC )?\d{3},
OM,Oman,4,city,City,text,false,,,,
PA,Panama,1,line1,Address line 1,text,true,Street address,,,
PA,Panama,2,line2,Address line 2,text,false,"Apt., suite, unit number, etc. (optional)",,,
PA,Panama,3,city,City,text,false,,,,
PA,Panama,4,state,State / Province / Region,dropdown,false,,,,13
PE,Peru,1,line1,Address line 1,text,true,Street address,,,
PE,Peru,2,line2,Address line 2,text,false,"Apt., suite, unit number, etc. (optional)",,,
PE,Peru,3,city,District,text,false,,,,
PE,Peru,4,postal_code,Postal code,text,false,,LIMA 23,"(?:LIMA \d{1,2}|CALLAO 0?\d)|[0-2]\d{4}",
PE,Peru,5,state,State / Province / Region,dropdown,false,,,,26
PF,French Polynesia,1,line1,Address line 1,text,true,Street address,,,
PF,French Polynesia,2,line2,Address line 2,text,false,"Apt., suite, unit number, etc. (optional)",,,
PF,French Polynesia,3,postal_code,Postal code,text,true,,98709,987\d{2},
PF,French Polynesia,4,city,City,text,true,,,,
PF,French Polynesia,5,state,Island,dropdown,true,,,,5
PG,Papua New Guinea,1,line1,Address line 1,text,true,Street address,,,
PG,Papua New Guinea,2,line2,Address line 2,text,false,"Apt., suite, unit number, etc. (optional)",,,
PG,Papua New Guinea,3,city,City,text,true,,,,
PG,Papua New Guinea,4,postal_code,Postal code,text,false,,111,\d{3},
PG,Papua New Guinea,5,state,State / Province / Region,dropdown,true,,,,22
PH,Philippines,1,line1,Address line 1,text,true,Street address,,,
PH,Philippines,2,line2,Address line 2,text,false,"Apt., suite, unit number, etc. (optional)",,,
PH,Philippines,3,sublocality,District,text,false,,,,
PH,Philippines,4,city,City,text,false,,,,
PH,Philippines,5,postal_code,Postal code,text,false,,1008,\d{4},
PH,Philippines,6,state,State / Province / Region,dropdown,false,,,,82
PK,Pakistan,1,line1,Address line 1,text,true,Street address,,,
PK,Pakistan,2,line2,Address line 2,text,false,"Apt., suite, unit number, etc. (optional)",,,
PK,Pakistan,3,sublocality,District,text,false,,,,
PK,Pakistan,4,city,City,text,false,,,,
PK,Pakistan,5,postal_code,Postal code,text,false,,44000,\d{5},
PL,Poland,1,line1,Address line 1,text,true,Street address,,,
PL,Poland,2,line2,Address line 2,text,false,"Apt., suite, unit number, etc. (optional)",,,
PL,Poland,3,postal_code,Postal code,text,true,,00-950,\d{2}-\d{3},
PL,Poland,4,city,City,text,true,,,,
PM,St. Pierre & Miquelon,1,line1,Address line 1,text,true,Street address,,,
PM,St. Pierre & Miquelon,2,line2,Address line 2,text,false,"Apt., suite, unit number, etc. (optional)",,,
PM,St. Pierre & Miquelon,3,postal_code,Postal code,text,true,,97500,9[78]5\d{2},
PM,St. Pierre & Miquelon,4,city,City,text,true,,,,
PM,St. Pierre & Miquelon,5,sorting_code,CEDEX,text,false,,,,
PN,Pitcairn Islands,1,line1,Address line 1,text,true,Street address,,,
PN,Pitcairn Islands,2,line2,Address line 2,text,false,"Apt., suite, unit number, etc. (optional)",,,
PN,Pitcairn Islands,3,city,City,text,true,,,,
PN,Pitcairn Islands,4,postal_code,Postal code,text,true,,PCRN 1ZZ,PCRN 1ZZ,
PR,Puerto Rico,1,line1,Address line 1,text,true,Street address,,,
PR,Puerto Rico,2,line2,Address line 2,text,false,"Apt., suite, unit number, etc. (optional)",,,
PR,Puerto Rico,3,city,City,text,true,,,,
PR,Puerto Rico,4,postal_code,ZIP,text,true,,00930,(00[679]\d{2})(?:[ \-](\d{4}))?,
PS,Palestinian Territories,1,line1,Address line 1,text,true,Street address,,,
PS,Palestinian Territories,2,line2,Address line 2,text,false,"Apt., suite, unit number, etc. (optional)",,,
PS,Palestinian Territories,3,city,City,text,false,,,,
PS,Palestinian Territories,4,postal_code,Postal code,text,false,,,,
PT,Portugal,1,line1,Address line 1,text,true,Street address,,,
PT,Portugal,2,line2,Address line 2,text,false,"Apt., suite, unit number, etc. (optional)",,,
PT,Portugal,3,postal_code,Postal code,text,true,,2725-079,\d{4}-\d{3},
PT,Portugal,4,city,City,text,true,,,,
PY,Paraguay,1,line1,Address line 1,text,true,Street address,,,
PY,Paraguay,2,line2,Address line 2,text,false,"Apt., suite, unit number, etc. (optional)",,,
PY,Paraguay,3,postal_code,Postal code,text,false,,1536,\d{4},
PY,Paraguay,4,city,City,text,false,,,,
QA,Qatar,1,line1,Address line 1,text,true,Street address,,,
QA,Qatar,2,line2,Address line 2,text,false,"Apt., suite, unit number, etc. (optional)",,,
QA,Qatar,3,city,City,text,false,,,,
QA,Qatar,4,postal_code,Postal code,text,false,,,,
RE,Réunion,1,line1,Address line 1,text,true,Street address,,,
RE,Réunion,2,line2,Address line 2,text,false,"Apt., suite, unit number, etc. (optional)",,,
RE,Réunion,3,postal_code,Postal code,text,true,,97400,9[78]4\d{2},
RE,Réunion,4,city,City,text,true,,,,
RE,Réunion,5,sorting_code,CEDEX,text,false,,,,
RO,Romania,1,line1,Address line 1,text,true,Street address,,,
RO,Romania,2,line2,Address line 2,text,false,"Apt., suite, unit number, etc. (optional)",,,
RO,Romania,3,postal_code,Postal code,text,true,,060274,\d{6},
RO,Romania,4,state,State / Province / Region,text,false,,,,
RO,Romania,5,city,City,text,true,,,,
RS,Serbia,1,line1,Address line 1,text,true,Street address,,,
RS,Serbia,2,line2,Address line 2,text,false,"Apt., suite, unit number, etc. (optional)",,,
RS,Serbia,3,postal_code,Postal code,text,false,,106314,"\d{5,6}",
RS,Serbia,4,city,City,text,false,,,,
RW,Rwanda,1,line1,Address line 1,text,true,Street address,,,
RW,Rwanda,2,line2,Address line 2,text,false,"Apt., suite, unit number, etc. (optional)",,,
RW,Rwanda,3,city,City,text,false,,,,
RW,Rwanda,4,postal_code,Postal code,text,false,,,,
SA,Saudi Arabia,1,line1,Address line 1,text,true,Street address,,,
SA,Saudi Arabia,2,line2,Address line 2,text,false,"Apt., suite, unit number, etc. (optional)",,,
SA,Saudi Arabia,3,city,City,text,false,,,,
SA,Saudi Arabia,4,postal_code,Postal code,text,false,,11564,\d{5},
SB,Solomon Islands,1,line1,Address line 1,text,true,Street address,,,
SB,Solomon Islands,2,line2,Address line 2,text,false,"Apt., suite, unit number, etc. (optional)",,,
SB,Solomon Islands,3,city,City,text,false,,,,
SB,Solomon Islands,4,postal_code,Postal code,text,false,,,,
SC,Seychelles,1,line1,Address line 1,text,true,Street address,,,
SC,Seychelles,2,line2,Address line 2,text,false,"Apt., suite, unit number, etc. (optional)",,,
SC,Seychelles,3,city,City,text,false,,,,
SC,Seychelles,4,state,Island,text,false,,,,
SE,Sweden,1,line1,Address line 1,text,true,Street address,,,
SE,Sweden,2,line2,Address line 2,text,false,"Apt., suite, unit number, etc. (optional)",,,
SE,Sweden,3,postal_code,Postal code,text,true,,11455,\d{3} ?\d{2},
SE,Sweden,4,city,Town or city,text,true,,,,
SG,Singapore,1,line1,Address line 1,text,true,Street address,,,
SG,Singapore,2,line2,Address line 2,text,false,"Apt., suite, unit number, etc. (optional)",,,
SG,Singapore,3,postal_code,Postal code,text,true,,546080,\d{6},
SH,St. Helena,1,line1,Address line 1,text,true,Street address,,,
SH,St. Helena,2,line2,Address line 2,text,false,"Apt., suite, unit number, etc. (optional)",,,
SH,St. Helena,3,city,City,text,true,,,,
SH,St. Helena,4,postal_code,Postal code,text,true,,STHL 1ZZ,(?:ASCN|STHL) 1ZZ,
SI,Slovenia,1,line1,Address line 1,text,true,Street address,,,
SI,Slovenia,2,line2,Address line 2,text,false,"Apt., suite, unit number, etc. (optional)",,,
SI,Slovenia,3,postal_code,Postal code,text,false,,4000,\d{4},
SI,Slovenia,4,city,City,text,false,,,,
SJ,Svalbard & Jan Mayen,1,line1,Address line 1,text,true,Street address,,,
SJ,Svalbard & Jan Mayen,2,line2,Address line 2,text,false,"Apt., suite, unit number, etc. (optional)",,,
SJ,Svalbard & Jan Mayen,3,postal_code,Postal code,text,true,,9170,\d{4},
SJ,Svalbard & Jan Mayen,4,city,Town or city,text,true,,,,
SK,Slovakia,1,line1,Address line 1,text,true,Street address,,,
SK,Slovakia,2,line2,Address line 2,text,false,"Apt., suite, unit number, etc. (optional)",,,
SK,Slovakia,3,postal_code,Postal code,text,true,,010 01,\d{3} ?\d{2},
SK,Slovakia,4,city,City,text,true,,,,
SL,Sierra Leone,1,line1,Address line 1,text,true,Street address,,,
SL,Sierra Leone,2,line2,Address line 2,text,false,"Apt., suite, unit number, etc. (optional)",,,
SL,Sierra Leone,3,city,City,text,false,,,,
SL,Sierra Leone,4,postal_code,Postal code,text,false,,,,
SM,San Marino,1,line1,Address line 1,text,true,Street address,,,
SM,San Marino,2,line2,Address line 2,text,false,"Apt., suite, unit number, etc. (optional)",,,
SM,San Marino,3,postal_code,Postal code,text,true,,47890,4789\d,
SM,San Marino,4,city,City,text,false,,,,
SN,Senegal,1,line1,Address line 1,text,true,Street address,,,
SN,Senegal,2,line2,Address line 2,text,false,"Apt., suite, unit number, etc. (optional)",,,
SN,Senegal,3,postal_code,Postal code,text,false,,12500,\d{5},
SN,Senegal,4,city,City,text,false,,,,
SR,Suriname,1,line1,Address line 1,text,true,Street address,,,
SR,Suriname,2,line2,Address line 2,text,false,"Apt., suite, unit number, etc. (optional)",,,
SR,Suriname,3,city,City,text,false,,,,
SR,Suriname,4,state,State / Province / Region,dropdown,false,,,,10
ST,São Tomé & Príncipe,1,line1,Address line 1,text,true,Street address,,,
ST,São Tomé & Príncipe,2,line2,Address line 2,text,false,"Apt., suite, unit number, etc. (optional)",,,
ST,São Tomé & Príncipe,3,city,City,text,false,,,,
ST,São Tomé & Príncipe,4,postal_code,Postal code,text,false,,,,
SV,El Salvador,1,line1,Address line 1,text,true,Street address,,,
SV,El Salvador,2,line2,Address line 2,text,false,"Apt., suite, unit number, etc. (optional)",,,
SV,El Salvador,3,city,City,text,true,,,,
SV,El Salvador,4,state,State / Province / Region,dropdown,true,,,,14
SX,Sint Maarten,1,line1,Address line 1,text,true,Street address,,,
SX,Sint Maarten,2,line2,Address line 2,text,false,"Apt., suite, unit number, etc. (optional)",,,
SX,Sint Maarten,3,city,City,text,false,,,,
SX,Sint Maarten,4,postal_code,Postal code,text,false,,,,
SZ,Eswatini,1,line1,Address line 1,text,true,Street address,,,
SZ,Eswatini,2,line2,Address line 2,text,false,"Apt., suite, unit number, etc. (optional)",,,
SZ,Eswatini,3,city,City,text,false,,,,
SZ,Eswatini,4,postal_code,Postal code,text,false,,H100,[HLMS]\d{3},
TC,Turks & Caicos Islands,1,line1,Address line 1,text,true,Street address,,,
TC,Turks & Caicos Islands,2,line2,Address line 2,text,false,"Apt., suite, unit number, etc. (optional)",,,
TC,Turks & Caicos Islands,3,city,City,text,true,,,,
TC,Turks & Caicos Islands,4,postal_code,Postal code,text,true,,TKCA 1ZZ,TKCA 1ZZ,
TD,Chad,1,line1,Address line 1,text,true,Street address,,,
TD,Chad,2,line2,Address line 2,text,false,"Apt., suite, unit number, etc. (optional)",,,
TD,Chad,3,city,City,text,false,,,,
TD,Chad,4,postal_code,Postal code,text,false,,,,
TF,French Southern Territories,1,line1,Address line 1,text,true,Street address,,,
TF,French Southern Territories,2,line2,Address line 2,text,false,"Apt., suite, unit number, etc. (optional)",,,
TF,French Southern Territories,3,city,City,text,false,,,,
TF,French Southern Territories,4,postal_code,Postal code,text,false,,,,
TG,Togo,1,line1,Address line 1,text,true,Street address,,,
TG,Togo,2,line2,Address line 2,text,false,"Apt., suite, unit number, etc. (optional)",,,
TG,Togo,3,city,City,text,false,,,,
TG,Togo,4,postal_code,Postal code,text,false,,,,
TH,Thailand,1,line1,Address line 1,text,true,Street address,,,
TH,Thailand,2,line2,Address line 2,text,false,"Apt., suite, unit number, etc. (optional)",,,
TH,Thailand,3,sublocality,District,text,false,,,,
TH,Thailand,4,city,City,text,false,,,,
TH,Thailand,5,state,State / Province / Region,dropdown,false,,,,77
TH,Thailand,6,postal_code,Postal code,text,false,,10150,\d{5},
TJ,Tajikistan,1,line1,Address line 1,text,true,Street address,,,
TJ,Tajikistan,2,line2,Address line 2,text,false,"Apt., suite, unit number, etc. (optional)",,,
TJ,Tajikistan,3,postal_code,Postal code,text,false,,735450,\d{6},
TJ,Tajikistan,4,city,City,text,false,,,,
TK,Tokelau,1,line1,Address line 1,text,true,Street address,,,
TK,Tokelau,2,line2,Address line 2,text,false,"Apt., suite, unit number, etc. (optional)",,,
TK,Tokelau,3,city,City,text,false,,,,
TK,Tokelau,4,postal_code,Postal code,text,false,,,,
TL,Timor-Leste,1,line1,Address line 1,text,true,Street address,,,
TL,Timor-Leste,2,line2,Address line 2,text,false,"Apt., suite, unit number, etc. (optional)",,,
TL,Timor-Leste,3,city,City,text,false,,,,
TL,Timor-Leste,4,postal_code,Postal code,text,false,,,,
TM,Turkmenistan,1,line1,Address line 1,text,true,Street address,,,
TM,Turkmenistan,2,line2,Address line 2,text,false,"Apt., suite, unit number, etc. (optional)",,,
TM,Turkmenistan,3,postal_code,Postal code,text,false,,744000,\d{6},
TM,Turkmenistan,4,city,City,text,false,,,,
TN,Tunisia,1,line1,Address line 1,text,true,Street address,,,
TN,Tunisia,2,line2,Address line 2,text,false,"Apt., suite, unit number, etc. (optional)",,,
TN,Tunisia,3,postal_code,Postal code,text,false,,1002,\d{4},
TN,Tunisia,4,city,City,text,false,,,,
TO,Tonga,1,line1,Address line 1,text,true,Street address,,,
TO,Tonga,2,line2,Address line 2,text,false,"Apt., suite, unit number, etc. (optional)",,,
TO,Tonga,3,city,City,text,false,,,,
TO,Tonga,4,postal_code,Postal code,text,false,,,,
TR,Türkiye,1,line1,Address line 1,text,true,Street address,,,
TR,Türkiye,2,line2,Address line 2,text,false,"Apt., suite, unit number, etc. (optional)",,,
TR,Türkiye,3,postal_code,Postal code,text,true,,01960,\d{5},
TR,Türkiye,4,city,District,text,true,,,,
TR,Türkiye,5,state,State / Province / Region,dropdown,false,,,,81
TT,Trinidad & Tobago,1,line1,Address line 1,text,true,Street address,,,
TT,Trinidad & Tobago,2,line2,Address line 2,text,false,"Apt., suite, unit number, etc. (optional)",,,
TT,Trinidad & Tobago,3,city,City,text,false,,,,
TT,Trinidad & Tobago,4,postal_code,Postal code,text,false,,,,
TV,Tuvalu,1,line1,Address line 1,text,true,Street address,,,
TV,Tuvalu,2,line2,Address line 2,text,false,"Apt., suite, unit number, etc. (optional)",,,
TV,Tuvalu,3,city,City,text,false,,,,
TV,Tuvalu,4,state,Island,dropdown,false,,,,9
TW,Taiwan,1,postal_code,Postal code,text,true,,104,"\d{3}(?:\d{2,3})?",
TW,Taiwan,2,state,County,dropdown,true,,,,22
TW,Taiwan,3,city,District,text,true,,,,
TW,Taiwan,4,line1,Address line 1,text,true,Street address,,,
TW,Taiwan,5,line2,Address line 2,text,false,"Apt., suite, unit number, etc. (optional)",,,
TZ,Tanzania,1,line1,Address line 1,text,true,Street address,,,
TZ,Tanzania,2,line2,Address line 2,text,false,"Apt., suite, unit number, etc. (optional)",,,
TZ,Tanzania,3,postal_code,Postal code,text,false,,6090,"\d{4,5}",
TZ,Tanzania,4,city,City,text,false,,,,
UA,Ukraine,1,line1,Address line 1,text,true,Street address,,,
UA,Ukraine,2,line2,Address line 2,text,false,"Apt., suite, unit number, etc. (optional)",,,
UA,Ukraine,3,city,City,text,true,,,,
UA,Ukraine,4,state,Oblast,dropdown,false,,,,23
UA,Ukraine,5,postal_code,Postal code,text,true,,15432,\d{5},
UG,Uganda,1,line1,Address line 1,text,true,Street address,,,
UG,Uganda,2,line2,Address line 2,text,false,"Apt., suite, unit number, etc. (optional)",,,
UG,Uganda,3,city,City,text,false,,,,
UG,Uganda,4,postal_code,Postal code,text,false,,,,
US,United States,1,line1,Address line 1,text,true,Street address,,,
US,United States,2,line2,Address line 2,text,false,"Apt., suite, unit number, etc. (optional)",,,
US,United States,3,city,City,text,true,,,,
US,United States,4,state,State,dropdown,true,,,,62
US,United States,5,postal_code,ZIP,text,true,,95014,(\d{5})(?:[ \-](\d{4}))?,
UY,Uruguay,1,line1,Address line 1,text,true,Street address,,,
UY,Uruguay,2,line2,Address line 2,text,false,"Apt., suite, unit number, etc. (optional)",,,
UY,Uruguay,3,postal_code,Postal code,text,false,,11600,\d{5},
UY,Uruguay,4,city,City,text,false,,,,
UY,Uruguay,5,state,State / Province / Region,dropdown,false,,,,19
UZ,Uzbekistan,1,line1,Address line 1,text,true,Street address,,,
UZ,Uzbekistan,2,line2,Address line 2,text,false,"Apt., suite, unit number, etc. (optional)",,,
UZ,Uzbekistan,3,postal_code,Postal code,text,false,,702100,\d{6},
UZ,Uzbekistan,4,city,City,text,false,,,,
UZ,Uzbekistan,5,state,State / Province / Region,dropdown,false,,,,14
VA,Vatican City,1,line1,Address line 1,text,true,Street address,,,
VA,Vatican City,2,line2,Address line 2,text,false,"Apt., suite, unit number, etc. (optional)",,,
VA,Vatican City,3,postal_code,Postal code,text,false,,00120,00120,
VA,Vatican City,4,city,City,text,false,,,,
VC,St. Vincent & Grenadines,1,line1,Address line 1,text,true,Street address,,,
VC,St. Vincent & Grenadines,2,line2,Address line 2,text,false,"Apt., suite, unit number, etc. (optional)",,,
VC,St. Vincent & Grenadines,3,city,City,text,false,,,,
VC,St. Vincent & Grenadines,4,postal_code,Postal code,text,false,,VC0100,VC\d{4},
VG,British Virgin Islands,1,line1,Address line 1,text,true,Street address,,,
VG,British Virgin Islands,2,line2,Address line 2,text,false,"Apt., suite, unit number, etc. (optional)",,,
VG,British Virgin Islands,3,city,City,text,false,,,,
VG,British Virgin Islands,4,postal_code,Postal code,text,false,,VG1110,VG\d{4},
VN,Vietnam,1,line1,Address line 1,text,true,Street address,,,
VN,Vietnam,2,line2,Address line 2,text,false,"Apt., suite, unit number, etc. (optional)",,,
VN,Vietnam,3,city,City,text,false,,,,
VN,Vietnam,4,state,State / Province / Region,dropdown,false,,,,63
VN,Vietnam,5,postal_code,Postal code,text,false,,70010,\d{5}\d?,
VU,Vanuatu,1,line1,Address line 1,text,true,Street address,,,
VU,Vanuatu,2,line2,Address line 2,text,false,"Apt., suite, unit number, etc. (optional)",,,
VU,Vanuatu,3,city,City,text,false,,,,
VU,Vanuatu,4,postal_code,Postal code,text,false,,,,
WF,Wallis & Futuna,1,line1,Address line 1,text,true,Street address,,,
WF,Wallis & Futuna,2,line2,Address line 2,text,false,"Apt., suite, unit number, etc. (optional)",,,
WF,Wallis & Futuna,3,postal_code,Postal code,text,true,,98600,986\d{2},
WF,Wallis & Futuna,4,city,City,text,true,,,,
WF,Wallis & Futuna,5,sorting_code,CEDEX,text,false,,,,
WS,Samoa,1,line1,Address line 1,text,true,Street address,,,
WS,Samoa,2,line2,Address line 2,text,false,"Apt., suite, unit number, etc. (optional)",,,
WS,Samoa,3,city,City,text,false,,,,
WS,Samoa,4,postal_code,Postal code,text,false,,,,
YT,Mayotte,1,line1,Address line 1,text,true,Street address,,,
YT,Mayotte,2,line2,Address line 2,text,false,"Apt., suite, unit number, etc. (optional)",,,
YT,Mayotte,3,postal_code,Postal code,text,true,,97600,976\d{2},
YT,Mayotte,4,city,City,text,true,,,,
YT,Mayotte,5,sorting_code,CEDEX,text,false,,,,
ZA,South Africa,1,line1,Address line 1,text,true,Street address,,,
ZA,South Africa,2,line2,Address line 2,text,false,"Apt., suite, unit number, etc. (optional)",,,
ZA,South Africa,3,sublocality,District,text,false,,,,
ZA,South Africa,4,city,City,text,true,,,,
ZA,South Africa,5,postal_code,Postal code,text,true,,0083,\d{4},
ZM,Zambia,1,line1,Address line 1,text,true,Street address,,,
ZM,Zambia,2,line2,Address line 2,text,false,"Apt., suite, unit number, etc. (optional)",,,
ZM,Zambia,3,postal_code,Postal code,text,false,,50100,\d{5},
ZM,Zambia,4,city,City,text,false,,,,
ZW,Zimbabwe,1,line1,Address line 1,text,true,Street address,,,
ZW,Zimbabwe,2,line2,Address line 2,text,false,"Apt., suite, unit number, etc. (optional)",,,
ZW,Zimbabwe,3,city,City,text,false,,,,
ZW,Zimbabwe,4,postal_code,Postal code,text,false,,,,